{"Deal Flows":{"perfsummary":{"scenario_id":"10501","settles_date":"2019-03-29"},"Class A1 - 64132MAA6/US64132MAA62":[{"Period":"0","Date":"2019-01-22","End Balance":"300,000,000.00","Interest":"0.00","Principal":"0.00","Loss":"0.00","Attachment":"-","Detachment":"-","Implied Losses":"-","Implied Subordinate Amount":"-"},{"Period":"1","Date":"2019-02-20","End Balance":"300,000,000.00","Interest":"0.00","Principal":"0.00","Loss":"0.00","Attachment":"-","Detachment":"-","Implied Losses":"-","Implied Subordinate Amount":"-"},{"Period":"2","Date":"2019-03-20","End Balance":"300,000,000.00","Interest":"0.00","Principal":"0.00","Loss":"0.00","Attachment":"-","Detachment":"-","Implied Losses":"-","Implied Subordinate Amount":"-"},{"Period":"3","Date":"2019-04-20","End Balance":"300,000,000.00","Interest":"0.00","Principal":"0.00","Loss":"0.00","Attachment":"-","Detachment":"-","Implied Losses":"-","Implied Subordinate Amount":"-"},{"Period":"4","Date":"2019-05-20","End Balance":"300,000,000.00","Interest":"0.00","Principal":"0.00","Loss":"0.00","Attachment":"-","Detachment":"-","Implied Losses":"-","Implied Subordinate Amount":"-"},{"Period":"5","Date":"2019-06-20","End Balance":"300,000,000.00","Interest":"0.00","Principal":"0.00","Loss":"0.00","Attachment":"-","Detachment":"-","Implied Losses":"-","Implied Subordinate Amount":"-"},{"Period":"6","Date":"2019-07-22","End Balance":"300,000,000.00","Interest":"5,959,425.00","Principal":"0.00","Loss":"0.00","Attachment":"-","Detachment":"-","Implied Losses":"-","Implied Subordinate Amount":"-"},{"Period":"7","Date":"2019-08-20","End Balance":"300,000,000.00","Interest":"0.00","Principal":"0.00","Loss":"0.00","Attachment":"-","Detachment":"-","Implied Losses":"-","Implied Subordinate Amount":"-"},{"Period":"8","Date":"2019-09-20","End Balance":"300,000,000.00","Interest":"0.00","Principal":"0.00","Loss":"0.00","Attachment":"-","Detachment":"-","Implied Losses":"-","Implied Subordinate Amount":"-"},{"Period":"9","Date":"2019-10-21","End Balance":"300,000,000.00","Interest":"2,750,475.00","Principal":"0.00","Loss":"0.00","Attachment":"-","Detachment":"-","Implied Losses":"-","Implied Subordinate Amount":"-"},{"Period":"10","Date":"2019-11-20","End Balance":"300,000,000.00","Interest":"0.00","Principal":"0.00","Loss":"0.00","Attachment":"-","Detachment":"-","Implied Losses":"-","Implied Subordinate Amount":"-"},{"Period":"11","Date":"2019-12-20","End Balance":"300,000,000.00","Interest":"0.00","Principal":"0.00","Loss":"0.00","Attachment":"-","Detachment":"-","Implied Losses":"-","Implied Subordinate Amount":"-"},{"Period":"12","Date":"2020-01-21","End Balance":"300,000,000.00","Interest":"2,740,833.33","Principal":"0.00","Loss":"0.00","Attachment":"-","Detachment":"-","Implied Losses":"-","Implied Subordinate Amount":"-"},{"Period":"13","Date":"2020-02-20","End Balance":"300,000,000.00","Interest":"0.00","Principal":"0.00","Loss":"0.00","Attachment":"-","Detachment":"-","Implied Losses":"-","Implied Subordinate Amount":"-"},{"Period":"14","Date":"2020-03-20","End Balance":"300,000,000.00","Interest":"0.00","Principal":"0.00","Loss":"0.00","Attachment":"-","Detachment":"-","Implied Losses":"-","Implied Subordinate Amount":"-"},{"Period":"15","Date":"2020-04-20","End Balance":"300,000,000.00","Interest":"2,598,000.00","Principal":"0.00","Loss":"0.00","Attachment":"-","Detachment":"-","Implied Losses":"-","Implied Subordinate Amount":"-"},{"Period":"16","Date":"2020-05-20","End Balance":"300,000,000.00","Interest":"0.00","Principal":"0.00","Loss":"0.00","Attachment":"-","Detachment":"-","Implied Losses":"-","Implied Subordinate Amount":"-"},{"Period":"17","Date":"2020-06-20","End Balance":"300,000,000.00","Interest":"0.00","Principal":"0.00","Loss":"0.00","Attachment":"-","Detachment":"-","Implied Losses":"-","Implied Subordinate Amount":"-"},{"Period":"18","Date":"2020-07-20","End Balance":"300,000,000.00","Interest":"2,559,488.75","Principal":"0.00","Loss":"0.00","Attachment":"-","Detachment":"-","Implied Losses":"-","Implied Subordinate Amount":"-"},{"Period":"19","Date":"2020-08-20","End Balance":"300,000,000.00","Interest":"0.00","Principal":"0.00","Loss":"0.00","Attachment":"-","Detachment":"-","Implied Losses":"-","Implied Subordinate Amount":"-"},{"Period":"20","Date":"2020-09-20","End Balance":"300,000,000.00","Interest":"0.00","Principal":"0.00","Loss":"0.00","Attachment":"-","Detachment":"-","Implied Losses":"-","Implied Subordinate Amount":"-"},{"Period":"21","Date":"2020-10-20","End Balance":"300,000,000.00","Interest":"2,546,008.00","Principal":"0.00","Loss":"0.00","Attachment":"-","Detachment":"-","Implied Losses":"-","Implied Subordinate Amount":"-"},{"Period":"22","Date":"2020-11-20","End Balance":"300,000,000.00","Interest":"0.00","Principal":"0.00","Loss":"0.00","Attachment":"-","Detachment":"-","Implied Losses":"-","Implied Subordinate Amount":"-"},{"Period":"23","Date":"2020-12-20","End Balance":"300,000,000.00","Interest":"0.00","Principal":"0.00","Loss":"0.00","Attachment":"-","Detachment":"-","Implied Losses":"-","Implied Subordinate Amount":"-"},{"Period":"24","Date":"2021-01-20","End Balance":"0.00","Interest":"2,525,844.67","Principal":"300,000,000.00","Loss":"0.00","Attachment":"-","Detachment":"-","Implied Losses":"-","Implied Subordinate Amount":"-"},{"Period":"25","Date":"2021-02-20","End Balance":"-","Interest":"-","Principal":"-","Loss":"-","Attachment":"-","Detachment":"-","Implied Losses":"-","Implied Subordinate Amount":"-"}],"Class A2 - 64132MAC2/US64132MAC29":[{"Period":"0","Date":"2019-01-22","End Balance":"25,000,000.00","Interest":"0.00","Principal":"0.00","Loss":"0.00","Attachment":"-","Detachment":"-","Implied Losses":"-","Implied Subordinate Amount":"-"},{"Period":"1","Date":"2019-02-20","End Balance":"25,000,000.00","Interest":"0.00","Principal":"0.00","Loss":"0.00","Attachment":"-","Detachment":"-","Implied Losses":"-","Implied Subordinate Amount":"-"},{"Period":"2","Date":"2019-03-20","End Balance":"25,000,000.00","Interest":"0.00","Principal":"0.00","Loss":"0.00","Attachment":"-","Detachment":"-","Implied Losses":"-","Implied Subordinate Amount":"-"},{"Period":"3","Date":"2019-04-20","End Balance":"25,000,000.00","Interest":"0.00","Principal":"0.00","Loss":"0.00","Attachment":"-","Detachment":"-","Implied Losses":"-","Implied Subordinate Amount":"-"},{"Period":"4","Date":"2019-05-20","End Balance":"25,000,000.00","Interest":"0.00","Principal":"0.00","Loss":"0.00","Attachment":"-","Detachment":"-","Implied Losses":"-","Implied Subordinate Amount":"-"},{"Period":"5","Date":"2019-06-20","End Balance":"25,000,000.00","Interest":"0.00","Principal":"0.00","Loss":"0.00","Attachment":"-","Detachment":"-","Implied Losses":"-","Implied Subordinate Amount":"-"},{"Period":"6","Date":"2019-07-22","End Balance":"25,000,000.00","Interest":"541,868.75","Principal":"0.00","Loss":"0.00","Attachment":"-","Detachment":"-","Implied Losses":"-","Implied Subordinate Amount":"-"},{"Period":"7","Date":"2019-08-20","End Balance":"25,000,000.00","Interest":"0.00","Principal":"0.00","Loss":"0.00","Attachment":"-","Detachment":"-","Implied Losses":"-","Implied Subordinate Amount":"-"},{"Period":"8","Date":"2019-09-20","End Balance":"25,000,000.00","Interest":"0.00","Principal":"0.00","Loss":"0.00","Attachment":"-","Detachment":"-","Implied Losses":"-","Implied Subordinate Amount":"-"},{"Period":"9","Date":"2019-10-21","End Balance":"25,000,000.00","Interest":"251,956.25","Principal":"0.00","Loss":"0.00","Attachment":"-","Detachment":"-","Implied Losses":"-","Implied Subordinate Amount":"-"},{"Period":"10","Date":"2019-11-20","End Balance":"25,000,000.00","Interest":"0.00","Principal":"0.00","Loss":"0.00","Attachment":"-","Detachment":"-","Implied Losses":"-","Implied Subordinate Amount":"-"},{"Period":"11","Date":"2019-12-20","End Balance":"25,000,000.00","Interest":"0.00","Principal":"0.00","Loss":"0.00","Attachment":"-","Detachment":"-","Implied Losses":"-","Implied Subordinate Amount":"-"},{"Period":"12","Date":"2020-01-21","End Balance":"25,000,000.00","Interest":"251,402.78","Principal":"0.00","Loss":"0.00","Attachment":"-","Detachment":"-","Implied Losses":"-","Implied Subordinate Amount":"-"},{"Period":"13","Date":"2020-02-20","End Balance":"25,000,000.00","Interest":"0.00","Principal":"0.00","Loss":"0.00","Attachment":"-","Detachment":"-","Implied Losses":"-","Implied Subordinate Amount":"-"},{"Period":"14","Date":"2020-03-20","End Balance":"25,000,000.00","Interest":"0.00","Principal":"0.00","Loss":"0.00","Attachment":"-","Detachment":"-","Implied Losses":"-","Implied Subordinate Amount":"-"},{"Period":"15","Date":"2020-04-20","End Balance":"25,000,000.00","Interest":"239,000.00","Principal":"0.00","Loss":"0.00","Attachment":"-","Detachment":"-","Implied Losses":"-","Implied Subordinate Amount":"-"},{"Period":"16","Date":"2020-05-20","End Balance":"25,000,000.00","Interest":"0.00","Principal":"0.00","Loss":"0.00","Attachment":"-","Detachment":"-","Implied Losses":"-","Implied Subordinate Amount":"-"},{"Period":"17","Date":"2020-06-20","End Balance":"25,000,000.00","Interest":"0.00","Principal":"0.00","Loss":"0.00","Attachment":"-","Detachment":"-","Implied Losses":"-","Implied Subordinate Amount":"-"},{"Period":"18","Date":"2020-07-20","End Balance":"25,000,000.00","Interest":"236,040.73","Principal":"0.00","Loss":"0.00","Attachment":"-","Detachment":"-","Implied Losses":"-","Implied Subordinate Amount":"-"},{"Period":"19","Date":"2020-08-20","End Balance":"25,000,000.00","Interest":"0.00","Principal":"0.00","Loss":"0.00","Attachment":"-","Detachment":"-","Implied Losses":"-","Implied Subordinate Amount":"-"},{"Period":"20","Date":"2020-09-20","End Balance":"25,000,000.00","Interest":"0.00","Principal":"0.00","Loss":"0.00","Attachment":"-","Detachment":"-","Implied Losses":"-","Implied Subordinate Amount":"-"},{"Period":"21","Date":"2020-10-20","End Balance":"25,000,000.00","Interest":"235,167.33","Principal":"0.00","Loss":"0.00","Attachment":"-","Detachment":"-","Implied Losses":"-","Implied Subordinate Amount":"-"},{"Period":"22","Date":"2020-11-20","End Balance":"25,000,000.00","Interest":"0.00","Principal":"0.00","Loss":"0.00","Attachment":"-","Detachment":"-","Implied Losses":"-","Implied Subordinate Amount":"-"},{"Period":"23","Date":"2020-12-20","End Balance":"25,000,000.00","Interest":"0.00","Principal":"0.00","Loss":"0.00","Attachment":"-","Detachment":"-","Implied Losses":"-","Implied Subordinate Amount":"-"},{"Period":"24","Date":"2021-01-20","End Balance":"0.00","Interest":"233,487.06","Principal":"25,000,000.00","Loss":"0.00","Attachment":"-","Detachment":"-","Implied Losses":"-","Implied Subordinate Amount":"-"},{"Period":"25","Date":"2021-02-20","End Balance":"-","Interest":"-","Principal":"-","Loss":"-","Attachment":"-","Detachment":"-","Implied Losses":"-","Implied Subordinate Amount":"-"}],"Class B1 - 64132MAE8/US64132MAE84":[{"Period":"0","Date":"2019-01-22","End Balance":"35,000,000.00","Interest":"0.00","Principal":"0.00","Loss":"0.00","Attachment":"-","Detachment":"-","Implied Losses":"-","Implied Subordinate Amount":"-"},{"Period":"1","Date":"2019-02-20","End Balance":"35,000,000.00","Interest":"0.00","Principal":"0.00","Loss":"0.00","Attachment":"-","Detachment":"-","Implied Losses":"-","Implied Subordinate Amount":"-"},{"Period":"2","Date":"2019-03-20","End Balance":"35,000,000.00","Interest":"0.00","Principal":"0.00","Loss":"0.00","Attachment":"-","Detachment":"-","Implied Losses":"-","Implied Subordinate Amount":"-"},{"Period":"3","Date":"2019-04-20","End Balance":"35,000,000.00","Interest":"0.00","Principal":"0.00","Loss":"0.00","Attachment":"-","Detachment":"-","Implied Losses":"-","Implied Subordinate Amount":"-"},{"Period":"4","Date":"2019-05-20","End Balance":"35,000,000.00","Interest":"0.00","Principal":"0.00","Loss":"0.00","Attachment":"-","Detachment":"-","Implied Losses":"-","Implied Subordinate Amount":"-"},{"Period":"5","Date":"2019-06-20","End Balance":"35,000,000.00","Interest":"0.00","Principal":"0.00","Loss":"0.00","Attachment":"-","Detachment":"-","Implied Losses":"-","Implied Subordinate Amount":"-"},{"Period":"6","Date":"2019-07-22","End Balance":"35,000,000.00","Interest":"811,407.92","Principal":"0.00","Loss":"0.00","Attachment":"-","Detachment":"-","Implied Losses":"-","Implied Subordinate Amount":"-"},{"Period":"7","Date":"2019-08-20","End Balance":"35,000,000.00","Interest":"0.00","Principal":"0.00","Loss":"0.00","Attachment":"-","Detachment":"-","Implied Losses":"-","Implied Subordinate Amount":"-"},{"Period":"8","Date":"2019-09-20","End Balance":"35,000,000.00","Interest":"0.00","Principal":"0.00","Loss":"0.00","Attachment":"-","Detachment":"-","Implied Losses":"-","Implied Subordinate Amount":"-"},{"Period":"9","Date":"2019-10-21","End Balance":"35,000,000.00","Interest":"379,280.42","Principal":"0.00","Loss":"0.00","Attachment":"-","Detachment":"-","Implied Losses":"-","Implied Subordinate Amount":"-"},{"Period":"10","Date":"2019-11-20","End Balance":"35,000,000.00","Interest":"0.00","Principal":"0.00","Loss":"0.00","Attachment":"-","Detachment":"-","Implied Losses":"-","Implied Subordinate Amount":"-"},{"Period":"11","Date":"2019-12-20","End Balance":"35,000,000.00","Interest":"0.00","Principal":"0.00","Loss":"0.00","Attachment":"-","Detachment":"-","Implied Losses":"-","Implied Subordinate Amount":"-"},{"Period":"12","Date":"2020-01-21","End Balance":"35,000,000.00","Interest":"378,797.22","Principal":"0.00","Loss":"0.00","Attachment":"-","Detachment":"-","Implied Losses":"-","Implied Subordinate Amount":"-"},{"Period":"13","Date":"2020-02-20","End Balance":"35,000,000.00","Interest":"0.00","Principal":"0.00","Loss":"0.00","Attachment":"-","Detachment":"-","Implied Losses":"-","Implied Subordinate Amount":"-"},{"Period":"14","Date":"2020-03-20","End Balance":"35,000,000.00","Interest":"0.00","Principal":"0.00","Loss":"0.00","Attachment":"-","Detachment":"-","Implied Losses":"-","Implied Subordinate Amount":"-"},{"Period":"15","Date":"2020-04-20","End Balance":"35,000,000.00","Interest":"360,850.00","Principal":"0.00","Loss":"0.00","Attachment":"-","Detachment":"-","Implied Losses":"-","Implied Subordinate Amount":"-"},{"Period":"16","Date":"2020-05-20","End Balance":"35,000,000.00","Interest":"0.00","Principal":"0.00","Loss":"0.00","Attachment":"-","Detachment":"-","Implied Losses":"-","Implied Subordinate Amount":"-"},{"Period":"17","Date":"2020-06-20","End Balance":"35,000,000.00","Interest":"0.00","Principal":"0.00","Loss":"0.00","Attachment":"-","Detachment":"-","Implied Losses":"-","Implied Subordinate Amount":"-"},{"Period":"18","Date":"2020-07-20","End Balance":"35,000,000.00","Interest":"356,998.69","Principal":"0.00","Loss":"0.00","Attachment":"-","Detachment":"-","Implied Losses":"-","Implied Subordinate Amount":"-"},{"Period":"19","Date":"2020-08-20","End Balance":"35,000,000.00","Interest":"0.00","Principal":"0.00","Loss":"0.00","Attachment":"-","Detachment":"-","Implied Losses":"-","Implied Subordinate Amount":"-"},{"Period":"20","Date":"2020-09-20","End Balance":"35,000,000.00","Interest":"0.00","Principal":"0.00","Loss":"0.00","Attachment":"-","Detachment":"-","Implied Losses":"-","Implied Subordinate Amount":"-"},{"Period":"21","Date":"2020-10-20","End Balance":"35,000,000.00","Interest":"356,067.60","Principal":"0.00","Loss":"0.00","Attachment":"-","Detachment":"-","Implied Losses":"-","Implied Subordinate Amount":"-"},{"Period":"22","Date":"2020-11-20","End Balance":"35,000,000.00","Interest":"0.00","Principal":"0.00","Loss":"0.00","Attachment":"-","Detachment":"-","Implied Losses":"-","Implied Subordinate Amount":"-"},{"Period":"23","Date":"2020-12-20","End Balance":"35,000,000.00","Interest":"0.00","Principal":"0.00","Loss":"0.00","Attachment":"-","Detachment":"-","Implied Losses":"-","Implied Subordinate Amount":"-"},{"Period":"24","Date":"2021-01-20","End Balance":"0.00","Interest":"353,715.21","Principal":"35,000,000.00","Loss":"0.00","Attachment":"-","Detachment":"-","Implied Losses":"-","Implied Subordinate Amount":"-"},{"Period":"25","Date":"2021-02-20","End Balance":"-","Interest":"-","Principal":"-","Loss":"-","Attachment":"-","Detachment":"-","Implied Losses":"-","Implied Subordinate Amount":"-"}],"Class B2 - 64132MAL2/US64132MAL28":[{"Period":"0","Date":"2019-01-22","End Balance":"20,000,000.00","Interest":"0.00","Principal":"0.00","Loss":"0.00","Attachment":"-","Detachment":"-","Implied Losses":"-","Implied Subordinate Amount":"-"},{"Period":"1","Date":"2019-02-20","End Balance":"20,000,000.00","Interest":"0.00","Principal":"0.00","Loss":"0.00","Attachment":"-","Detachment":"-","Implied Losses":"-","Implied Subordinate Amount":"-"},{"Period":"2","Date":"2019-03-20","End Balance":"20,000,000.00","Interest":"0.00","Principal":"0.00","Loss":"0.00","Attachment":"-","Detachment":"-","Implied Losses":"-","Implied Subordinate Amount":"-"},{"Period":"3","Date":"2019-04-20","End Balance":"20,000,000.00","Interest":"0.00","Principal":"0.00","Loss":"0.00","Attachment":"-","Detachment":"-","Implied Losses":"-","Implied Subordinate Amount":"-"},{"Period":"4","Date":"2019-05-20","End Balance":"20,000,000.00","Interest":"0.00","Principal":"0.00","Loss":"0.00","Attachment":"-","Detachment":"-","Implied Losses":"-","Implied Subordinate Amount":"-"},{"Period":"5","Date":"2019-06-20","End Balance":"20,000,000.00","Interest":"0.00","Principal":"0.00","Loss":"0.00","Attachment":"-","Detachment":"-","Implied Losses":"-","Implied Subordinate Amount":"-"},{"Period":"6","Date":"2019-07-22","End Balance":"20,000,000.00","Interest":"472,600.00","Principal":"0.00","Loss":"0.00","Attachment":"-","Detachment":"-","Implied Losses":"-","Implied Subordinate Amount":"-"},{"Period":"7","Date":"2019-08-20","End Balance":"20,000,000.00","Interest":"0.00","Principal":"0.00","Loss":"0.00","Attachment":"-","Detachment":"-","Implied Losses":"-","Implied Subordinate Amount":"-"},{"Period":"8","Date":"2019-09-20","End Balance":"20,000,000.00","Interest":"0.00","Principal":"0.00","Loss":"0.00","Attachment":"-","Detachment":"-","Implied Losses":"-","Implied Subordinate Amount":"-"},{"Period":"9","Date":"2019-10-21","End Balance":"20,000,000.00","Interest":"236,300.00","Principal":"0.00","Loss":"0.00","Attachment":"-","Detachment":"-","Implied Losses":"-","Implied Subordinate Amount":"-"},{"Period":"10","Date":"2019-11-20","End Balance":"20,000,000.00","Interest":"0.00","Principal":"0.00","Loss":"0.00","Attachment":"-","Detachment":"-","Implied Losses":"-","Implied Subordinate Amount":"-"},{"Period":"11","Date":"2019-12-20","End Balance":"20,000,000.00","Interest":"0.00","Principal":"0.00","Loss":"0.00","Attachment":"-","Detachment":"-","Implied Losses":"-","Implied Subordinate Amount":"-"},{"Period":"12","Date":"2020-01-21","End Balance":"20,000,000.00","Interest":"236,300.00","Principal":"0.00","Loss":"0.00","Attachment":"-","Detachment":"-","Implied Losses":"-","Implied Subordinate Amount":"-"},{"Period":"13","Date":"2020-02-20","End Balance":"20,000,000.00","Interest":"0.00","Principal":"0.00","Loss":"0.00","Attachment":"-","Detachment":"-","Implied Losses":"-","Implied Subordinate Amount":"-"},{"Period":"14","Date":"2020-03-20","End Balance":"20,000,000.00","Interest":"0.00","Principal":"0.00","Loss":"0.00","Attachment":"-","Detachment":"-","Implied Losses":"-","Implied Subordinate Amount":"-"},{"Period":"15","Date":"2020-04-20","End Balance":"20,000,000.00","Interest":"236,300.00","Principal":"0.00","Loss":"0.00","Attachment":"-","Detachment":"-","Implied Losses":"-","Implied Subordinate Amount":"-"},{"Period":"16","Date":"2020-05-20","End Balance":"20,000,000.00","Interest":"0.00","Principal":"0.00","Loss":"0.00","Attachment":"-","Detachment":"-","Implied Losses":"-","Implied Subordinate Amount":"-"},{"Period":"17","Date":"2020-06-20","End Balance":"20,000,000.00","Interest":"0.00","Principal":"0.00","Loss":"0.00","Attachment":"-","Detachment":"-","Implied Losses":"-","Implied Subordinate Amount":"-"},{"Period":"18","Date":"2020-07-20","End Balance":"20,000,000.00","Interest":"236,300.00","Principal":"0.00","Loss":"0.00","Attachment":"-","Detachment":"-","Implied Losses":"-","Implied Subordinate Amount":"-"},{"Period":"19","Date":"2020-08-20","End Balance":"20,000,000.00","Interest":"0.00","Principal":"0.00","Loss":"0.00","Attachment":"-","Detachment":"-","Implied Losses":"-","Implied Subordinate Amount":"-"},{"Period":"20","Date":"2020-09-20","End Balance":"20,000,000.00","Interest":"0.00","Principal":"0.00","Loss":"0.00","Attachment":"-","Detachment":"-","Implied Losses":"-","Implied Subordinate Amount":"-"},{"Period":"21","Date":"2020-10-20","End Balance":"20,000,000.00","Interest":"236,300.00","Principal":"0.00","Loss":"0.00","Attachment":"-","Detachment":"-","Implied Losses":"-","Implied Subordinate Amount":"-"},{"Period":"22","Date":"2020-11-20","End Balance":"20,000,000.00","Interest":"0.00","Principal":"0.00","Loss":"0.00","Attachment":"-","Detachment":"-","Implied Losses":"-","Implied Subordinate Amount":"-"},{"Period":"23","Date":"2020-12-20","End Balance":"20,000,000.00","Interest":"0.00","Principal":"0.00","Loss":"0.00","Attachment":"-","Detachment":"-","Implied Losses":"-","Implied Subordinate Amount":"-"},{"Period":"24","Date":"2021-01-20","End Balance":"0.00","Interest":"236,300.00","Principal":"20,000,000.00","Loss":"0.00","Attachment":"-","Detachment":"-","Implied Losses":"-","Implied Subordinate Amount":"-"},{"Period":"25","Date":"2021-02-20","End Balance":"-","Interest":"-","Principal":"-","Loss":"-","Attachment":"-","Detachment":"-","Implied Losses":"-","Implied Subordinate Amount":"-"}],"Class C - 64132MAG3/US64132MAG33":[{"Period":"0","Date":"2019-01-22","End Balance":"32,500,000.00","Interest":"0.00","Principal":"0.00","Loss":"0.00","Attachment":"-","Detachment":"-","Implied Losses":"-","Implied Subordinate Amount":"-"},{"Period":"1","Date":"2019-02-20","End Balance":"32,500,000.00","Interest":"0.00","Principal":"0.00","Loss":"0.00","Attachment":"-","Detachment":"-","Implied Losses":"-","Implied Subordinate Amount":"-"},{"Period":"2","Date":"2019-03-20","End Balance":"32,500,000.00","Interest":"0.00","Principal":"0.00","Loss":"0.00","Attachment":"-","Detachment":"-","Implied Losses":"-","Implied Subordinate Amount":"-"},{"Period":"3","Date":"2019-04-20","End Balance":"32,500,000.00","Interest":"0.00","Principal":"0.00","Loss":"0.00","Attachment":"-","Detachment":"-","Implied Losses":"-","Implied Subordinate Amount":"-"},{"Period":"4","Date":"2019-05-20","End Balance":"32,500,000.00","Interest":"0.00","Principal":"0.00","Loss":"0.00","Attachment":"-","Detachment":"-","Implied Losses":"-","Implied Subordinate Amount":"-"},{"Period":"5","Date":"2019-06-20","End Balance":"32,500,000.00","Interest":"0.00","Principal":"0.00","Loss":"0.00","Attachment":"-","Detachment":"-","Implied Losses":"-","Implied Subordinate Amount":"-"},{"Period":"6","Date":"2019-07-22","End Balance":"32,500,000.00","Interest":"843,321.74","Principal":"0.00","Loss":"0.00","Attachment":"-","Detachment":"-","Implied Losses":"-","Implied Subordinate Amount":"-"},{"Period":"7","Date":"2019-08-20","End Balance":"32,500,000.00","Interest":"0.00","Principal":"0.00","Loss":"0.00","Attachment":"-","Detachment":"-","Implied Losses":"-","Implied Subordinate Amount":"-"},{"Period":"8","Date":"2019-09-20","End Balance":"32,500,000.00","Interest":"0.00","Principal":"0.00","Loss":"0.00","Attachment":"-","Detachment":"-","Implied Losses":"-","Implied Subordinate Amount":"-"},{"Period":"9","Date":"2019-10-21","End Balance":"32,500,000.00","Interest":"397,372.99","Principal":"0.00","Loss":"0.00","Attachment":"-","Detachment":"-","Implied Losses":"-","Implied Subordinate Amount":"-"},{"Period":"10","Date":"2019-11-20","End Balance":"32,500,000.00","Interest":"0.00","Principal":"0.00","Loss":"0.00","Attachment":"-","Detachment":"-","Implied Losses":"-","Implied Subordinate Amount":"-"},{"Period":"11","Date":"2019-12-20","End Balance":"32,500,000.00","Interest":"0.00","Principal":"0.00","Loss":"0.00","Attachment":"-","Detachment":"-","Implied Losses":"-","Implied Subordinate Amount":"-"},{"Period":"12","Date":"2020-01-21","End Balance":"32,500,000.00","Interest":"397,420.83","Principal":"0.00","Loss":"0.00","Attachment":"-","Detachment":"-","Implied Losses":"-","Implied Subordinate Amount":"-"},{"Period":"13","Date":"2020-02-20","End Balance":"32,500,000.00","Interest":"0.00","Principal":"0.00","Loss":"0.00","Attachment":"-","Detachment":"-","Implied Losses":"-","Implied Subordinate Amount":"-"},{"Period":"14","Date":"2020-03-20","End Balance":"32,500,000.00","Interest":"0.00","Principal":"0.00","Loss":"0.00","Attachment":"-","Detachment":"-","Implied Losses":"-","Implied Subordinate Amount":"-"},{"Period":"15","Date":"2020-04-20","End Balance":"32,500,000.00","Interest":"379,762.50","Principal":"0.00","Loss":"0.00","Attachment":"-","Detachment":"-","Implied Losses":"-","Implied Subordinate Amount":"-"},{"Period":"16","Date":"2020-05-20","End Balance":"32,500,000.00","Interest":"0.00","Principal":"0.00","Loss":"0.00","Attachment":"-","Detachment":"-","Implied Losses":"-","Implied Subordinate Amount":"-"},{"Period":"17","Date":"2020-06-20","End Balance":"32,500,000.00","Interest":"0.00","Principal":"0.00","Loss":"0.00","Attachment":"-","Detachment":"-","Implied Losses":"-","Implied Subordinate Amount":"-"},{"Period":"18","Date":"2020-07-20","End Balance":"32,500,000.00","Interest":"376,682.81","Principal":"0.00","Loss":"0.00","Attachment":"-","Detachment":"-","Implied Losses":"-","Implied Subordinate Amount":"-"},{"Period":"19","Date":"2020-08-20","End Balance":"32,500,000.00","Interest":"0.00","Principal":"0.00","Loss":"0.00","Attachment":"-","Detachment":"-","Implied Losses":"-","Implied Subordinate Amount":"-"},{"Period":"20","Date":"2020-09-20","End Balance":"32,500,000.00","Interest":"0.00","Principal":"0.00","Loss":"0.00","Attachment":"-","Detachment":"-","Implied Losses":"-","Implied Subordinate Amount":"-"},{"Period":"21","Date":"2020-10-20","End Balance":"32,500,000.00","Interest":"376,314.76","Principal":"0.00","Loss":"0.00","Attachment":"-","Detachment":"-","Implied Losses":"-","Implied Subordinate Amount":"-"},{"Period":"22","Date":"2020-11-20","End Balance":"32,500,000.00","Interest":"0.00","Principal":"0.00","Loss":"0.00","Attachment":"-","Detachment":"-","Implied Losses":"-","Implied Subordinate Amount":"-"},{"Period":"23","Date":"2020-12-20","End Balance":"32,500,000.00","Interest":"0.00","Principal":"0.00","Loss":"0.00","Attachment":"-","Detachment":"-","Implied Losses":"-","Implied Subordinate Amount":"-"},{"Period":"24","Date":"2021-01-20","End Balance":"0.00","Interest":"374,130.39","Principal":"32,500,000.00","Loss":"0.00","Attachment":"-","Detachment":"-","Implied Losses":"-","Implied Subordinate Amount":"-"},{"Period":"25","Date":"2021-02-20","End Balance":"-","Interest":"-","Principal":"-","Loss":"-","Attachment":"-","Detachment":"-","Implied Losses":"-","Implied Subordinate Amount":"-"}],"Class D - 64132MAJ7/US64132MAJ71":[{"Period":"0","Date":"2019-01-22","End Balance":"27,500,000.00","Interest":"0.00","Principal":"0.00","Loss":"0.00","Attachment":"-","Detachment":"-","Implied Losses":"-","Implied Subordinate Amount":"-"},{"Period":"1","Date":"2019-02-20","End Balance":"27,500,000.00","Interest":"0.00","Principal":"0.00","Loss":"0.00","Attachment":"-","Detachment":"-","Implied Losses":"-","Implied Subordinate Amount":"-"},{"Period":"2","Date":"2019-03-20","End Balance":"27,500,000.00","Interest":"0.00","Principal":"0.00","Loss":"0.00","Attachment":"-","Detachment":"-","Implied Losses":"-","Implied Subordinate Amount":"-"},{"Period":"3","Date":"2019-04-20","End Balance":"27,500,000.00","Interest":"0.00","Principal":"0.00","Loss":"0.00","Attachment":"-","Detachment":"-","Implied Losses":"-","Implied Subordinate Amount":"-"},{"Period":"4","Date":"2019-05-20","End Balance":"27,500,000.00","Interest":"0.00","Principal":"0.00","Loss":"0.00","Attachment":"-","Detachment":"-","Implied Losses":"-","Implied Subordinate Amount":"-"},{"Period":"5","Date":"2019-06-20","End Balance":"27,500,000.00","Interest":"0.00","Principal":"0.00","Loss":"0.00","Attachment":"-","Detachment":"-","Implied Losses":"-","Implied Subordinate Amount":"-"},{"Period":"6","Date":"2019-07-22","End Balance":"27,500,000.00","Interest":"886,409.79","Principal":"0.00","Loss":"0.00","Attachment":"-","Detachment":"-","Implied Losses":"-","Implied Subordinate Amount":"-"},{"Period":"7","Date":"2019-08-20","End Balance":"27,500,000.00","Interest":"0.00","Principal":"0.00","Loss":"0.00","Attachment":"-","Detachment":"-","Implied Losses":"-","Implied Subordinate Amount":"-"},{"Period":"8","Date":"2019-09-20","End Balance":"27,500,000.00","Interest":"0.00","Principal":"0.00","Loss":"0.00","Attachment":"-","Detachment":"-","Implied Losses":"-","Implied Subordinate Amount":"-"},{"Period":"9","Date":"2019-10-21","End Balance":"27,500,000.00","Interest":"423,131.04","Principal":"0.00","Loss":"0.00","Attachment":"-","Detachment":"-","Implied Losses":"-","Implied Subordinate Amount":"-"},{"Period":"10","Date":"2019-11-20","End Balance":"27,500,000.00","Interest":"0.00","Principal":"0.00","Loss":"0.00","Attachment":"-","Detachment":"-","Implied Losses":"-","Implied Subordinate Amount":"-"},{"Period":"11","Date":"2019-12-20","End Balance":"27,500,000.00","Interest":"0.00","Principal":"0.00","Loss":"0.00","Attachment":"-","Detachment":"-","Implied Losses":"-","Implied Subordinate Amount":"-"},{"Period":"12","Date":"2020-01-21","End Balance":"27,500,000.00","Interest":"424,126.39","Principal":"0.00","Loss":"0.00","Attachment":"-","Detachment":"-","Implied Losses":"-","Implied Subordinate Amount":"-"},{"Period":"13","Date":"2020-02-20","End Balance":"27,500,000.00","Interest":"0.00","Principal":"0.00","Loss":"0.00","Attachment":"-","Detachment":"-","Implied Losses":"-","Implied Subordinate Amount":"-"},{"Period":"14","Date":"2020-03-20","End Balance":"27,500,000.00","Interest":"0.00","Principal":"0.00","Loss":"0.00","Attachment":"-","Detachment":"-","Implied Losses":"-","Implied Subordinate Amount":"-"},{"Period":"15","Date":"2020-04-20","End Balance":"27,500,000.00","Interest":"407,275.00","Principal":"0.00","Loss":"0.00","Attachment":"-","Detachment":"-","Implied Losses":"-","Implied Subordinate Amount":"-"},{"Period":"16","Date":"2020-05-20","End Balance":"27,500,000.00","Interest":"0.00","Principal":"0.00","Loss":"0.00","Attachment":"-","Detachment":"-","Implied Losses":"-","Implied Subordinate Amount":"-"},{"Period":"17","Date":"2020-06-20","End Balance":"27,500,000.00","Interest":"0.00","Principal":"0.00","Loss":"0.00","Attachment":"-","Detachment":"-","Implied Losses":"-","Implied Subordinate Amount":"-"},{"Period":"18","Date":"2020-07-20","End Balance":"27,500,000.00","Interest":"405,623.97","Principal":"0.00","Loss":"0.00","Attachment":"-","Detachment":"-","Implied Losses":"-","Implied Subordinate Amount":"-"},{"Period":"19","Date":"2020-08-20","End Balance":"27,500,000.00","Interest":"0.00","Principal":"0.00","Loss":"0.00","Attachment":"-","Detachment":"-","Implied Losses":"-","Implied Subordinate Amount":"-"},{"Period":"20","Date":"2020-09-20","End Balance":"27,500,000.00","Interest":"0.00","Principal":"0.00","Loss":"0.00","Attachment":"-","Detachment":"-","Implied Losses":"-","Implied Subordinate Amount":"-"},{"Period":"21","Date":"2020-10-20","End Balance":"27,500,000.00","Interest":"406,267.40","Principal":"0.00","Loss":"0.00","Attachment":"-","Detachment":"-","Implied Losses":"-","Implied Subordinate Amount":"-"},{"Period":"22","Date":"2020-11-20","End Balance":"27,500,000.00","Interest":"0.00","Principal":"0.00","Loss":"0.00","Attachment":"-","Detachment":"-","Implied Losses":"-","Implied Subordinate Amount":"-"},{"Period":"23","Date":"2020-12-20","End Balance":"27,500,000.00","Interest":"0.00","Principal":"0.00","Loss":"0.00","Attachment":"-","Detachment":"-","Implied Losses":"-","Implied Subordinate Amount":"-"},{"Period":"24","Date":"2021-01-20","End Balance":"0.00","Interest":"404,419.09","Principal":"27,500,000.00","Loss":"0.00","Attachment":"-","Detachment":"-","Implied Losses":"-","Implied Subordinate Amount":"-"},{"Period":"25","Date":"2021-02-20","End Balance":"-","Interest":"-","Principal":"-","Loss":"-","Attachment":"-","Detachment":"-","Implied Losses":"-","Implied Subordinate Amount":"-"}],"Class E - 64132FAA1/US64132FAA12":[{"Period":"0","Date":"2019-01-22","End Balance":"20,000,000.00","Interest":"0.00","Principal":"0.00","Loss":"0.00","Attachment":"-","Detachment":"-","Implied Losses":"-","Implied Subordinate Amount":"-"},{"Period":"1","Date":"2019-02-20","End Balance":"20,000,000.00","Interest":"0.00","Principal":"0.00","Loss":"0.00","Attachment":"-","Detachment":"-","Implied Losses":"-","Implied Subordinate Amount":"-"},{"Period":"2","Date":"2019-03-20","End Balance":"20,000,000.00","Interest":"0.00","Principal":"0.00","Loss":"0.00","Attachment":"-","Detachment":"-","Implied Losses":"-","Implied Subordinate Amount":"-"},{"Period":"3","Date":"2019-04-20","End Balance":"20,000,000.00","Interest":"0.00","Principal":"0.00","Loss":"0.00","Attachment":"-","Detachment":"-","Implied Losses":"-","Implied Subordinate Amount":"-"},{"Period":"4","Date":"2019-05-20","End Balance":"20,000,000.00","Interest":"0.00","Principal":"0.00","Loss":"0.00","Attachment":"-","Detachment":"-","Implied Losses":"-","Implied Subordinate Amount":"-"},{"Period":"5","Date":"2019-06-20","End Balance":"20,000,000.00","Interest":"0.00","Principal":"0.00","Loss":"0.00","Attachment":"-","Detachment":"-","Implied Losses":"-","Implied Subordinate Amount":"-"},{"Period":"6","Date":"2019-07-22","End Balance":"20,000,000.00","Interest":"956,383.89","Principal":"0.00","Loss":"0.00","Attachment":"-","Detachment":"-","Implied Losses":"-","Implied Subordinate Amount":"-"},{"Period":"7","Date":"2019-08-20","End Balance":"20,000,000.00","Interest":"0.00","Principal":"0.00","Loss":"0.00","Attachment":"-","Detachment":"-","Implied Losses":"-","Implied Subordinate Amount":"-"},{"Period":"8","Date":"2019-09-20","End Balance":"20,000,000.00","Interest":"0.00","Principal":"0.00","Loss":"0.00","Attachment":"-","Detachment":"-","Implied Losses":"-","Implied Subordinate Amount":"-"},{"Period":"9","Date":"2019-10-21","End Balance":"20,000,000.00","Interest":"464,453.89","Principal":"0.00","Loss":"0.00","Attachment":"-","Detachment":"-","Implied Losses":"-","Implied Subordinate Amount":"-"},{"Period":"10","Date":"2019-11-20","End Balance":"20,000,000.00","Interest":"0.00","Principal":"0.00","Loss":"0.00","Attachment":"-","Detachment":"-","Implied Losses":"-","Implied Subordinate Amount":"-"},{"Period":"11","Date":"2019-12-20","End Balance":"20,000,000.00","Interest":"0.00","Principal":"0.00","Loss":"0.00","Attachment":"-","Detachment":"-","Implied Losses":"-","Implied Subordinate Amount":"-"},{"Period":"12","Date":"2020-01-21","End Balance":"20,000,000.00","Interest":"466,900.00","Principal":"0.00","Loss":"0.00","Attachment":"-","Detachment":"-","Implied Losses":"-","Implied Subordinate Amount":"-"},{"Period":"13","Date":"2020-02-20","End Balance":"20,000,000.00","Interest":"0.00","Principal":"0.00","Loss":"0.00","Attachment":"-","Detachment":"-","Implied Losses":"-","Implied Subordinate Amount":"-"},{"Period":"14","Date":"2020-03-20","End Balance":"20,000,000.00","Interest":"0.00","Principal":"0.00","Loss":"0.00","Attachment":"-","Detachment":"-","Implied Losses":"-","Implied Subordinate Amount":"-"},{"Period":"15","Date":"2020-04-20","End Balance":"20,000,000.00","Interest":"451,200.00","Principal":"0.00","Loss":"0.00","Attachment":"-","Detachment":"-","Implied Losses":"-","Implied Subordinate Amount":"-"},{"Period":"16","Date":"2020-05-20","End Balance":"20,000,000.00","Interest":"0.00","Principal":"0.00","Loss":"0.00","Attachment":"-","Detachment":"-","Implied Losses":"-","Implied Subordinate Amount":"-"},{"Period":"17","Date":"2020-06-20","End Balance":"20,000,000.00","Interest":"0.00","Principal":"0.00","Loss":"0.00","Attachment":"-","Detachment":"-","Implied Losses":"-","Implied Subordinate Amount":"-"},{"Period":"18","Date":"2020-07-20","End Balance":"20,000,000.00","Interest":"451,721.47","Principal":"0.00","Loss":"0.00","Attachment":"-","Detachment":"-","Implied Losses":"-","Implied Subordinate Amount":"-"},{"Period":"19","Date":"2020-08-20","End Balance":"20,000,000.00","Interest":"0.00","Principal":"0.00","Loss":"0.00","Attachment":"-","Detachment":"-","Implied Losses":"-","Implied Subordinate Amount":"-"},{"Period":"20","Date":"2020-09-20","End Balance":"20,000,000.00","Interest":"0.00","Principal":"0.00","Loss":"0.00","Attachment":"-","Detachment":"-","Implied Losses":"-","Implied Subordinate Amount":"-"},{"Period":"21","Date":"2020-10-20","End Balance":"20,000,000.00","Interest":"453,911.64","Principal":"0.00","Loss":"0.00","Attachment":"-","Detachment":"-","Implied Losses":"-","Implied Subordinate Amount":"-"},{"Period":"22","Date":"2020-11-20","End Balance":"20,000,000.00","Interest":"0.00","Principal":"0.00","Loss":"0.00","Attachment":"-","Detachment":"-","Implied Losses":"-","Implied Subordinate Amount":"-"},{"Period":"23","Date":"2020-12-20","End Balance":"20,000,000.00","Interest":"0.00","Principal":"0.00","Loss":"0.00","Attachment":"-","Detachment":"-","Implied Losses":"-","Implied Subordinate Amount":"-"},{"Period":"24","Date":"2021-01-20","End Balance":"0.00","Interest":"452,567.42","Principal":"20,000,000.00","Loss":"0.00","Attachment":"-","Detachment":"-","Implied Losses":"-","Implied Subordinate Amount":"-"},{"Period":"25","Date":"2021-02-20","End Balance":"-","Interest":"-","Principal":"-","Loss":"-","Attachment":"-","Detachment":"-","Implied Losses":"-","Implied Subordinate Amount":"-"}],"Class P - 64132FAJ2/US64132FAJ21":[{"Period":"0","Date":"2019-01-22","End Balance":"1,000,000.00","Interest":"0.00","Principal":"0.00","Loss":"0.00","Attachment":"-","Detachment":"-","Implied Losses":"-","Implied Subordinate Amount":"-"},{"Period":"1","Date":"2019-02-20","End Balance":"1,000,000.00","Interest":"0.00","Principal":"0.00","Loss":"0.00","Attachment":"-","Detachment":"-","Implied Losses":"-","Implied Subordinate Amount":"-"},{"Period":"2","Date":"2019-03-20","End Balance":"-","Interest":"-","Principal":"-","Loss":"-","Attachment":"-","Detachment":"-","Implied Losses":"-","Implied Subordinate Amount":"-"},{"Period":"3","Date":"2019-04-20","End Balance":"-","Interest":"-","Principal":"-","Loss":"-","Attachment":"-","Detachment":"-","Implied Losses":"-","Implied Subordinate Amount":"-"},{"Period":"4","Date":"2019-05-20","End Balance":"-","Interest":"-","Principal":"-","Loss":"-","Attachment":"-","Detachment":"-","Implied Losses":"-","Implied Subordinate Amount":"-"},{"Period":"5","Date":"2019-06-20","End Balance":"-","Interest":"-","Principal":"-","Loss":"-","Attachment":"-","Detachment":"-","Implied Losses":"-","Implied Subordinate Amount":"-"},{"Period":"6","Date":"2019-07-22","End Balance":"-","Interest":"-","Principal":"-","Loss":"-","Attachment":"-","Detachment":"-","Implied Losses":"-","Implied Subordinate Amount":"-"},{"Period":"7","Date":"2019-08-20","End Balance":"-","Interest":"-","Principal":"-","Loss":"-","Attachment":"-","Detachment":"-","Implied Losses":"-","Implied Subordinate Amount":"-"},{"Period":"8","Date":"2019-09-20","End Balance":"-","Interest":"-","Principal":"-","Loss":"-","Attachment":"-","Detachment":"-","Implied Losses":"-","Implied Subordinate Amount":"-"},{"Period":"9","Date":"2019-10-21","End Balance":"-","Interest":"-","Principal":"-","Loss":"-","Attachment":"-","Detachment":"-","Implied Losses":"-","Implied Subordinate Amount":"-"},{"Period":"10","Date":"2019-11-20","End Balance":"-","Interest":"-","Principal":"-","Loss":"-","Attachment":"-","Detachment":"-","Implied Losses":"-","Implied Subordinate Amount":"-"},{"Period":"11","Date":"2019-12-20","End Balance":"-","Interest":"-","Principal":"-","Loss":"-","Attachment":"-","Detachment":"-","Implied Losses":"-","Implied Subordinate Amount":"-"},{"Period":"12","Date":"2020-01-21","End Balance":"-","Interest":"-","Principal":"-","Loss":"-","Attachment":"-","Detachment":"-","Implied Losses":"-","Implied Subordinate Amount":"-"},{"Period":"13","Date":"2020-02-20","End Balance":"-","Interest":"-","Principal":"-","Loss":"-","Attachment":"-","Detachment":"-","Implied Losses":"-","Implied Subordinate Amount":"-"},{"Period":"14","Date":"2020-03-20","End Balance":"-","Interest":"-","Principal":"-","Loss":"-","Attachment":"-","Detachment":"-","Implied Losses":"-","Implied Subordinate Amount":"-"},{"Period":"15","Date":"2020-04-20","End Balance":"-","Interest":"-","Principal":"-","Loss":"-","Attachment":"-","Detachment":"-","Implied Losses":"-","Implied Subordinate Amount":"-"},{"Period":"16","Date":"2020-05-20","End Balance":"-","Interest":"-","Principal":"-","Loss":"-","Attachment":"-","Detachment":"-","Implied Losses":"-","Implied Subordinate Amount":"-"},{"Period":"17","Date":"2020-06-20","End Balance":"-","Interest":"-","Principal":"-","Loss":"-","Attachment":"-","Detachment":"-","Implied Losses":"-","Implied Subordinate Amount":"-"},{"Period":"18","Date":"2020-07-20","End Balance":"-","Interest":"-","Principal":"-","Loss":"-","Attachment":"-","Detachment":"-","Implied Losses":"-","Implied Subordinate Amount":"-"},{"Period":"19","Date":"2020-08-20","End Balance":"-","Interest":"-","Principal":"-","Loss":"-","Attachment":"-","Detachment":"-","Implied Losses":"-","Implied Subordinate Amount":"-"},{"Period":"20","Date":"2020-09-20","End Balance":"-","Interest":"-","Principal":"-","Loss":"-","Attachment":"-","Detachment":"-","Implied Losses":"-","Implied Subordinate Amount":"-"},{"Period":"21","Date":"2020-10-20","End Balance":"-","Interest":"-","Principal":"-","Loss":"-","Attachment":"-","Detachment":"-","Implied Losses":"-","Implied Subordinate Amount":"-"},{"Period":"22","Date":"2020-11-20","End Balance":"-","Interest":"-","Principal":"-","Loss":"-","Attachment":"-","Detachment":"-","Implied Losses":"-","Implied Subordinate Amount":"-"},{"Period":"23","Date":"2020-12-20","End Balance":"-","Interest":"-","Principal":"-","Loss":"-","Attachment":"-","Detachment":"-","Implied Losses":"-","Implied Subordinate Amount":"-"},{"Period":"24","Date":"2021-01-20","End Balance":"-","Interest":"-","Principal":"-","Loss":"-","Attachment":"-","Detachment":"-","Implied Losses":"-","Implied Subordinate Amount":"-"},{"Period":"25","Date":"2021-02-20","End Balance":"-","Interest":"-","Principal":"-","Loss":"-","Attachment":"-","Detachment":"-","Implied Losses":"-","Implied Subordinate Amount":"-"}],"Class PS - 64132FAC7/US64132FAC77":[{"Period":"0","Date":"2019-01-22","End Balance":"45,130,000.00","Interest":"0.00","Principal":"0.00","Loss":"0.00","Attachment":"-","Detachment":"-","Implied Losses":"-","Implied Subordinate Amount":"-"},{"Period":"1","Date":"2019-02-20","End Balance":"45,130,000.00","Interest":"0.00","Principal":"0.00","Loss":"0.00","Attachment":"-","Detachment":"-","Implied Losses":"-","Implied Subordinate Amount":"-"},{"Period":"2","Date":"2019-03-20","End Balance":"45,130,000.00","Interest":"0.00","Principal":"0.00","Loss":"0.00","Attachment":"-","Detachment":"-","Implied Losses":"-","Implied Subordinate Amount":"-"},{"Period":"3","Date":"2019-04-20","End Balance":"45,130,000.00","Interest":"0.00","Principal":"0.00","Loss":"0.00","Attachment":"-","Detachment":"-","Implied Losses":"-","Implied Subordinate Amount":"-"},{"Period":"4","Date":"2019-05-20","End Balance":"45,130,000.00","Interest":"0.00","Principal":"0.00","Loss":"0.00","Attachment":"-","Detachment":"-","Implied Losses":"-","Implied Subordinate Amount":"-"},{"Period":"5","Date":"2019-06-20","End Balance":"45,130,000.00","Interest":"0.00","Principal":"0.00","Loss":"0.00","Attachment":"-","Detachment":"-","Implied Losses":"-","Implied Subordinate Amount":"-"},{"Period":"6","Date":"2019-07-22","End Balance":"45,130,000.00","Interest":"991,251.46","Principal":"0.00","Loss":"0.00","Attachment":"-","Detachment":"-","Implied Losses":"-","Implied Subordinate Amount":"-"},{"Period":"7","Date":"2019-08-20","End Balance":"45,130,000.00","Interest":"0.00","Principal":"0.00","Loss":"0.00","Attachment":"-","Detachment":"-","Implied Losses":"-","Implied Subordinate Amount":"-"},{"Period":"8","Date":"2019-09-20","End Balance":"45,130,000.00","Interest":"0.00","Principal":"0.00","Loss":"0.00","Attachment":"-","Detachment":"-","Implied Losses":"-","Implied Subordinate Amount":"-"},{"Period":"9","Date":"2019-10-21","End Balance":"45,130,000.00","Interest":"1,832,774.61","Principal":"0.00","Loss":"0.00","Attachment":"-","Detachment":"-","Implied Losses":"-","Implied Subordinate Amount":"-"},{"Period":"10","Date":"2019-11-20","End Balance":"45,130,000.00","Interest":"0.00","Principal":"0.00","Loss":"0.00","Attachment":"-","Detachment":"-","Implied Losses":"-","Implied Subordinate Amount":"-"},{"Period":"11","Date":"2019-12-20","End Balance":"45,130,000.00","Interest":"0.00","Principal":"0.00","Loss":"0.00","Attachment":"-","Detachment":"-","Implied Losses":"-","Implied Subordinate Amount":"-"},{"Period":"12","Date":"2020-01-21","End Balance":"45,130,000.00","Interest":"1,612,878.26","Principal":"0.00","Loss":"0.00","Attachment":"-","Detachment":"-","Implied Losses":"-","Implied Subordinate Amount":"-"},{"Period":"13","Date":"2020-02-20","End Balance":"45,130,000.00","Interest":"0.00","Principal":"0.00","Loss":"0.00","Attachment":"-","Detachment":"-","Implied Losses":"-","Implied Subordinate Amount":"-"},{"Period":"14","Date":"2020-03-20","End Balance":"45,130,000.00","Interest":"0.00","Principal":"0.00","Loss":"0.00","Attachment":"-","Detachment":"-","Implied Losses":"-","Implied Subordinate Amount":"-"},{"Period":"15","Date":"2020-04-20","End Balance":"45,130,000.00","Interest":"1,663,518.69","Principal":"0.00","Loss":"0.00","Attachment":"-","Detachment":"-","Implied Losses":"-","Implied Subordinate Amount":"-"},{"Period":"16","Date":"2020-05-20","End Balance":"45,130,000.00","Interest":"0.00","Principal":"0.00","Loss":"0.00","Attachment":"-","Detachment":"-","Implied Losses":"-","Implied Subordinate Amount":"-"},{"Period":"17","Date":"2020-06-20","End Balance":"45,130,000.00","Interest":"0.00","Principal":"0.00","Loss":"0.00","Attachment":"-","Detachment":"-","Implied Losses":"-","Implied Subordinate Amount":"-"},{"Period":"18","Date":"2020-07-20","End Balance":"45,130,000.00","Interest":"1,620,907.51","Principal":"0.00","Loss":"0.00","Attachment":"-","Detachment":"-","Implied Losses":"-","Implied Subordinate Amount":"-"},{"Period":"19","Date":"2020-08-20","End Balance":"45,130,000.00","Interest":"0.00","Principal":"0.00","Loss":"0.00","Attachment":"-","Detachment":"-","Implied Losses":"-","Implied Subordinate Amount":"-"},{"Period":"20","Date":"2020-09-20","End Balance":"45,130,000.00","Interest":"0.00","Principal":"0.00","Loss":"0.00","Attachment":"-","Detachment":"-","Implied Losses":"-","Implied Subordinate Amount":"-"},{"Period":"21","Date":"2020-10-20","End Balance":"45,130,000.00","Interest":"1,611,115.90","Principal":"0.00","Loss":"0.00","Attachment":"-","Detachment":"-","Implied Losses":"-","Implied Subordinate Amount":"-"},{"Period":"22","Date":"2020-11-20","End Balance":"45,130,000.00","Interest":"0.00","Principal":"0.00","Loss":"0.00","Attachment":"-","Detachment":"-","Implied Losses":"-","Implied Subordinate Amount":"-"},{"Period":"23","Date":"2020-12-20","End Balance":"45,130,000.00","Interest":"0.00","Principal":"0.00","Loss":"0.00","Attachment":"-","Detachment":"-","Implied Losses":"-","Implied Subordinate Amount":"-"},{"Period":"24","Date":"2021-01-20","End Balance":"0.00","Interest":"37,819,143.61","Principal":"0.00","Loss":"45,130,000.00","Attachment":"-","Detachment":"-","Implied Losses":"-","Implied Subordinate Amount":"-"},{"Period":"25","Date":"2021-02-20","End Balance":"-","Interest":"-","Principal":"-","Loss":"-","Attachment":"-","Detachment":"-","Implied Losses":"-","Implied Subordinate Amount":"-"}],"Class PS-N - 64132GAA9/US64132GAA94":[{"Period":"0","Date":"2019-01-22","End Balance":"45,130,000.00","Interest":"0.00","Principal":"0.00","Loss":"0.00","Attachment":"-","Detachment":"-","Implied Losses":"-","Implied Subordinate Amount":"-"},{"Period":"1","Date":"2019-02-20","End Balance":"45,130,000.00","Interest":"0.00","Principal":"0.00","Loss":"0.00","Attachment":"-","Detachment":"-","Implied Losses":"-","Implied Subordinate Amount":"-"},{"Period":"2","Date":"2019-03-20","End Balance":"45,130,000.00","Interest":"0.00","Principal":"0.00","Loss":"0.00","Attachment":"-","Detachment":"-","Implied Losses":"-","Implied Subordinate Amount":"-"},{"Period":"3","Date":"2019-04-20","End Balance":"45,130,000.00","Interest":"0.00","Principal":"0.00","Loss":"0.00","Attachment":"-","Detachment":"-","Implied Losses":"-","Implied Subordinate Amount":"-"},{"Period":"4","Date":"2019-05-20","End Balance":"45,130,000.00","Interest":"0.00","Principal":"0.00","Loss":"0.00","Attachment":"-","Detachment":"-","Implied Losses":"-","Implied Subordinate Amount":"-"},{"Period":"5","Date":"2019-06-20","End Balance":"45,130,000.00","Interest":"0.00","Principal":"0.00","Loss":"0.00","Attachment":"-","Detachment":"-","Implied Losses":"-","Implied Subordinate Amount":"-"},{"Period":"6","Date":"2019-07-22","End Balance":"45,130,000.00","Interest":"991,251.46","Principal":"0.00","Loss":"0.00","Attachment":"-","Detachment":"-","Implied Losses":"-","Implied Subordinate Amount":"-"},{"Period":"7","Date":"2019-08-20","End Balance":"45,130,000.00","Interest":"0.00","Principal":"0.00","Loss":"0.00","Attachment":"-","Detachment":"-","Implied Losses":"-","Implied Subordinate Amount":"-"},{"Period":"8","Date":"2019-09-20","End Balance":"45,130,000.00","Interest":"0.00","Principal":"0.00","Loss":"0.00","Attachment":"-","Detachment":"-","Implied Losses":"-","Implied Subordinate Amount":"-"},{"Period":"9","Date":"2019-10-21","End Balance":"45,130,000.00","Interest":"1,832,774.61","Principal":"0.00","Loss":"0.00","Attachment":"-","Detachment":"-","Implied Losses":"-","Implied Subordinate Amount":"-"},{"Period":"10","Date":"2019-11-20","End Balance":"45,130,000.00","Interest":"0.00","Principal":"0.00","Loss":"0.00","Attachment":"-","Detachment":"-","Implied Losses":"-","Implied Subordinate Amount":"-"},{"Period":"11","Date":"2019-12-20","End Balance":"45,130,000.00","Interest":"0.00","Principal":"0.00","Loss":"0.00","Attachment":"-","Detachment":"-","Implied Losses":"-","Implied Subordinate Amount":"-"},{"Period":"12","Date":"2020-01-21","End Balance":"45,130,000.00","Interest":"1,612,878.26","Principal":"0.00","Loss":"0.00","Attachment":"-","Detachment":"-","Implied Losses":"-","Implied Subordinate Amount":"-"},{"Period":"13","Date":"2020-02-20","End Balance":"45,130,000.00","Interest":"0.00","Principal":"0.00","Loss":"0.00","Attachment":"-","Detachment":"-","Implied Losses":"-","Implied Subordinate Amount":"-"},{"Period":"14","Date":"2020-03-20","End Balance":"45,130,000.00","Interest":"0.00","Principal":"0.00","Loss":"0.00","Attachment":"-","Detachment":"-","Implied Losses":"-","Implied Subordinate Amount":"-"},{"Period":"15","Date":"2020-04-20","End Balance":"45,130,000.00","Interest":"1,663,518.69","Principal":"0.00","Loss":"0.00","Attachment":"-","Detachment":"-","Implied Losses":"-","Implied Subordinate Amount":"-"},{"Period":"16","Date":"2020-05-20","End Balance":"45,130,000.00","Interest":"0.00","Principal":"0.00","Loss":"0.00","Attachment":"-","Detachment":"-","Implied Losses":"-","Implied Subordinate Amount":"-"},{"Period":"17","Date":"2020-06-20","End Balance":"45,130,000.00","Interest":"0.00","Principal":"0.00","Loss":"0.00","Attachment":"-","Detachment":"-","Implied Losses":"-","Implied Subordinate Amount":"-"},{"Period":"18","Date":"2020-07-20","End Balance":"45,130,000.00","Interest":"1,620,907.51","Principal":"0.00","Loss":"0.00","Attachment":"-","Detachment":"-","Implied Losses":"-","Implied Subordinate Amount":"-"},{"Period":"19","Date":"2020-08-20","End Balance":"45,130,000.00","Interest":"0.00","Principal":"0.00","Loss":"0.00","Attachment":"-","Detachment":"-","Implied Losses":"-","Implied Subordinate Amount":"-"},{"Period":"20","Date":"2020-09-20","End Balance":"45,130,000.00","Interest":"0.00","Principal":"0.00","Loss":"0.00","Attachment":"-","Detachment":"-","Implied Losses":"-","Implied Subordinate Amount":"-"},{"Period":"21","Date":"2020-10-20","End Balance":"45,130,000.00","Interest":"1,611,115.90","Principal":"0.00","Loss":"0.00","Attachment":"-","Detachment":"-","Implied Losses":"-","Implied Subordinate Amount":"-"},{"Period":"22","Date":"2020-11-20","End Balance":"45,130,000.00","Interest":"0.00","Principal":"0.00","Loss":"0.00","Attachment":"-","Detachment":"-","Implied Losses":"-","Implied Subordinate Amount":"-"},{"Period":"23","Date":"2020-12-20","End Balance":"45,130,000.00","Interest":"0.00","Principal":"0.00","Loss":"0.00","Attachment":"-","Detachment":"-","Implied Losses":"-","Implied Subordinate Amount":"-"},{"Period":"24","Date":"2021-01-20","End Balance":"0.00","Interest":"37,819,143.61","Principal":"0.00","Loss":"45,130,000.00","Attachment":"-","Detachment":"-","Implied Losses":"-","Implied Subordinate Amount":"-"},{"Period":"25","Date":"2021-02-20","End Balance":"-","Interest":"-","Principal":"-","Loss":"-","Attachment":"-","Detachment":"-","Implied Losses":"-","Implied Subordinate Amount":"-"}],"Class S1 - 64132FAE3/US64132FAE34":[{"Period":"0","Date":"2019-01-22","End Balance":"600,000.00","Interest":"0.00","Principal":"0.00","Loss":"0.00","Attachment":"-","Detachment":"-","Implied Losses":"-","Implied Subordinate Amount":"-"},{"Period":"1","Date":"2019-02-20","End Balance":"600,000.00","Interest":"0.00","Principal":"0.00","Loss":"0.00","Attachment":"-","Detachment":"-","Implied Losses":"-","Implied Subordinate Amount":"-"},{"Period":"2","Date":"2019-03-20","End Balance":"600,000.00","Interest":"0.00","Principal":"0.00","Loss":"0.00","Attachment":"-","Detachment":"-","Implied Losses":"-","Implied Subordinate Amount":"-"},{"Period":"3","Date":"2019-04-20","End Balance":"600,000.00","Interest":"0.00","Principal":"0.00","Loss":"0.00","Attachment":"-","Detachment":"-","Implied Losses":"-","Implied Subordinate Amount":"-"},{"Period":"4","Date":"2019-05-20","End Balance":"600,000.00","Interest":"0.00","Principal":"0.00","Loss":"0.00","Attachment":"-","Detachment":"-","Implied Losses":"-","Implied Subordinate Amount":"-"},{"Period":"5","Date":"2019-06-20","End Balance":"600,000.00","Interest":"0.00","Principal":"0.00","Loss":"0.00","Attachment":"-","Detachment":"-","Implied Losses":"-","Implied Subordinate Amount":"-"},{"Period":"6","Date":"2019-07-22","End Balance":"600,000.00","Interest":"50,509.65","Principal":"0.00","Loss":"0.00","Attachment":"-","Detachment":"-","Implied Losses":"-","Implied Subordinate Amount":"-"},{"Period":"7","Date":"2019-08-20","End Balance":"600,000.00","Interest":"0.00","Principal":"0.00","Loss":"0.00","Attachment":"-","Detachment":"-","Implied Losses":"-","Implied Subordinate Amount":"-"},{"Period":"8","Date":"2019-09-20","End Balance":"600,000.00","Interest":"0.00","Principal":"0.00","Loss":"0.00","Attachment":"-","Detachment":"-","Implied Losses":"-","Implied Subordinate Amount":"-"},{"Period":"9","Date":"2019-10-21","End Balance":"600,000.00","Interest":"25,407.33","Principal":"0.00","Loss":"0.00","Attachment":"-","Detachment":"-","Implied Losses":"-","Implied Subordinate Amount":"-"},{"Period":"10","Date":"2019-11-20","End Balance":"600,000.00","Interest":"0.00","Principal":"0.00","Loss":"0.00","Attachment":"-","Detachment":"-","Implied Losses":"-","Implied Subordinate Amount":"-"},{"Period":"11","Date":"2019-12-20","End Balance":"600,000.00","Interest":"0.00","Principal":"0.00","Loss":"0.00","Attachment":"-","Detachment":"-","Implied Losses":"-","Implied Subordinate Amount":"-"},{"Period":"12","Date":"2020-01-21","End Balance":"600,000.00","Interest":"25,686.53","Principal":"0.00","Loss":"0.00","Attachment":"-","Detachment":"-","Implied Losses":"-","Implied Subordinate Amount":"-"},{"Period":"13","Date":"2020-02-20","End Balance":"600,000.00","Interest":"0.00","Principal":"0.00","Loss":"0.00","Attachment":"-","Detachment":"-","Implied Losses":"-","Implied Subordinate Amount":"-"},{"Period":"14","Date":"2020-03-20","End Balance":"600,000.00","Interest":"0.00","Principal":"0.00","Loss":"0.00","Attachment":"-","Detachment":"-","Implied Losses":"-","Implied Subordinate Amount":"-"},{"Period":"15","Date":"2020-04-20","End Balance":"600,000.00","Interest":"25,130.99","Principal":"0.00","Loss":"0.00","Attachment":"-","Detachment":"-","Implied Losses":"-","Implied Subordinate Amount":"-"},{"Period":"16","Date":"2020-05-20","End Balance":"600,000.00","Interest":"0.00","Principal":"0.00","Loss":"0.00","Attachment":"-","Detachment":"-","Implied Losses":"-","Implied Subordinate Amount":"-"},{"Period":"17","Date":"2020-06-20","End Balance":"600,000.00","Interest":"0.00","Principal":"0.00","Loss":"0.00","Attachment":"-","Detachment":"-","Implied Losses":"-","Implied Subordinate Amount":"-"},{"Period":"18","Date":"2020-07-20","End Balance":"600,000.00","Interest":"25,419.31","Principal":"0.00","Loss":"0.00","Attachment":"-","Detachment":"-","Implied Losses":"-","Implied Subordinate Amount":"-"},{"Period":"19","Date":"2020-08-20","End Balance":"600,000.00","Interest":"0.00","Principal":"0.00","Loss":"0.00","Attachment":"-","Detachment":"-","Implied Losses":"-","Implied Subordinate Amount":"-"},{"Period":"20","Date":"2020-09-20","End Balance":"600,000.00","Interest":"0.00","Principal":"0.00","Loss":"0.00","Attachment":"-","Detachment":"-","Implied Losses":"-","Implied Subordinate Amount":"-"},{"Period":"21","Date":"2020-10-20","End Balance":"600,000.00","Interest":"25,702.97","Principal":"0.00","Loss":"0.00","Attachment":"-","Detachment":"-","Implied Losses":"-","Implied Subordinate Amount":"-"},{"Period":"22","Date":"2020-11-20","End Balance":"600,000.00","Interest":"0.00","Principal":"0.00","Loss":"0.00","Attachment":"-","Detachment":"-","Implied Losses":"-","Implied Subordinate Amount":"-"},{"Period":"23","Date":"2020-12-20","End Balance":"600,000.00","Interest":"0.00","Principal":"0.00","Loss":"0.00","Attachment":"-","Detachment":"-","Implied Losses":"-","Implied Subordinate Amount":"-"},{"Period":"24","Date":"2021-01-20","End Balance":"600,000.00","Interest":"25,707.81","Principal":"0.00","Loss":"0.00","Attachment":"-","Detachment":"-","Implied Losses":"-","Implied Subordinate Amount":"-"},{"Period":"25","Date":"2021-02-20","End Balance":"-","Interest":"-","Principal":"-","Loss":"-","Attachment":"-","Detachment":"-","Implied Losses":"-","Implied Subordinate Amount":"-"}],"Class S2 - 64132FAG8/US64132FAG81":[{"Period":"0","Date":"2019-01-22","End Balance":"1,400,000.00","Interest":"0.00","Principal":"0.00","Loss":"0.00","Attachment":"-","Detachment":"-","Implied Losses":"-","Implied Subordinate Amount":"-"},{"Period":"1","Date":"2019-02-20","End Balance":"1,400,000.00","Interest":"0.00","Principal":"0.00","Loss":"0.00","Attachment":"-","Detachment":"-","Implied Losses":"-","Implied Subordinate Amount":"-"},{"Period":"2","Date":"2019-03-20","End Balance":"1,400,000.00","Interest":"0.00","Principal":"0.00","Loss":"0.00","Attachment":"-","Detachment":"-","Implied Losses":"-","Implied Subordinate Amount":"-"},{"Period":"3","Date":"2019-04-20","End Balance":"1,400,000.00","Interest":"0.00","Principal":"0.00","Loss":"0.00","Attachment":"-","Detachment":"-","Implied Losses":"-","Implied Subordinate Amount":"-"},{"Period":"4","Date":"2019-05-20","End Balance":"1,400,000.00","Interest":"0.00","Principal":"0.00","Loss":"0.00","Attachment":"-","Detachment":"-","Implied Losses":"-","Implied Subordinate Amount":"-"},{"Period":"5","Date":"2019-06-20","End Balance":"1,400,000.00","Interest":"0.00","Principal":"0.00","Loss":"0.00","Attachment":"-","Detachment":"-","Implied Losses":"-","Implied Subordinate Amount":"-"},{"Period":"6","Date":"2019-07-22","End Balance":"1,400,000.00","Interest":"150,833.33","Principal":"0.00","Loss":"0.00","Attachment":"-","Detachment":"-","Implied Losses":"-","Implied Subordinate Amount":"-"},{"Period":"7","Date":"2019-08-20","End Balance":"1,400,000.00","Interest":"0.00","Principal":"0.00","Loss":"0.00","Attachment":"-","Detachment":"-","Implied Losses":"-","Implied Subordinate Amount":"-"},{"Period":"8","Date":"2019-09-20","End Balance":"1,400,000.00","Interest":"0.00","Principal":"0.00","Loss":"0.00","Attachment":"-","Detachment":"-","Implied Losses":"-","Implied Subordinate Amount":"-"},{"Period":"9","Date":"2019-10-21","End Balance":"1,400,000.00","Interest":"76,221.99","Principal":"0.00","Loss":"0.00","Attachment":"-","Detachment":"-","Implied Losses":"-","Implied Subordinate Amount":"-"},{"Period":"10","Date":"2019-11-20","End Balance":"1,400,000.00","Interest":"0.00","Principal":"0.00","Loss":"0.00","Attachment":"-","Detachment":"-","Implied Losses":"-","Implied Subordinate Amount":"-"},{"Period":"11","Date":"2019-12-20","End Balance":"1,400,000.00","Interest":"0.00","Principal":"0.00","Loss":"0.00","Attachment":"-","Detachment":"-","Implied Losses":"-","Implied Subordinate Amount":"-"},{"Period":"12","Date":"2020-01-21","End Balance":"1,400,000.00","Interest":"77,059.59","Principal":"0.00","Loss":"0.00","Attachment":"-","Detachment":"-","Implied Losses":"-","Implied Subordinate Amount":"-"},{"Period":"13","Date":"2020-02-20","End Balance":"1,400,000.00","Interest":"0.00","Principal":"0.00","Loss":"0.00","Attachment":"-","Detachment":"-","Implied Losses":"-","Implied Subordinate Amount":"-"},{"Period":"14","Date":"2020-03-20","End Balance":"1,400,000.00","Interest":"0.00","Principal":"0.00","Loss":"0.00","Attachment":"-","Detachment":"-","Implied Losses":"-","Implied Subordinate Amount":"-"},{"Period":"15","Date":"2020-04-20","End Balance":"1,400,000.00","Interest":"75,392.96","Principal":"0.00","Loss":"0.00","Attachment":"-","Detachment":"-","Implied Losses":"-","Implied Subordinate Amount":"-"},{"Period":"16","Date":"2020-05-20","End Balance":"1,400,000.00","Interest":"0.00","Principal":"0.00","Loss":"0.00","Attachment":"-","Detachment":"-","Implied Losses":"-","Implied Subordinate Amount":"-"},{"Period":"17","Date":"2020-06-20","End Balance":"1,400,000.00","Interest":"0.00","Principal":"0.00","Loss":"0.00","Attachment":"-","Detachment":"-","Implied Losses":"-","Implied Subordinate Amount":"-"},{"Period":"18","Date":"2020-07-20","End Balance":"1,400,000.00","Interest":"76,257.92","Principal":"0.00","Loss":"0.00","Attachment":"-","Detachment":"-","Implied Losses":"-","Implied Subordinate Amount":"-"},{"Period":"19","Date":"2020-08-20","End Balance":"1,400,000.00","Interest":"0.00","Principal":"0.00","Loss":"0.00","Attachment":"-","Detachment":"-","Implied Losses":"-","Implied Subordinate Amount":"-"},{"Period":"20","Date":"2020-09-20","End Balance":"1,400,000.00","Interest":"0.00","Principal":"0.00","Loss":"0.00","Attachment":"-","Detachment":"-","Implied Losses":"-","Implied Subordinate Amount":"-"},{"Period":"21","Date":"2020-10-20","End Balance":"1,400,000.00","Interest":"77,108.92","Principal":"0.00","Loss":"0.00","Attachment":"-","Detachment":"-","Implied Losses":"-","Implied Subordinate Amount":"-"},{"Period":"22","Date":"2020-11-20","End Balance":"1,400,000.00","Interest":"0.00","Principal":"0.00","Loss":"0.00","Attachment":"-","Detachment":"-","Implied Losses":"-","Implied Subordinate Amount":"-"},{"Period":"23","Date":"2020-12-20","End Balance":"1,400,000.00","Interest":"0.00","Principal":"0.00","Loss":"0.00","Attachment":"-","Detachment":"-","Implied Losses":"-","Implied Subordinate Amount":"-"},{"Period":"24","Date":"2021-01-20","End Balance":"1,400,000.00","Interest":"77,123.44","Principal":"0.00","Loss":"0.00","Attachment":"-","Detachment":"-","Implied Losses":"-","Implied Subordinate Amount":"-"},{"Period":"25","Date":"2021-02-20","End Balance":"-","Interest":"-","Principal":"-","Loss":"-","Attachment":"-","Detachment":"-","Implied Losses":"-","Implied Subordinate Amount":"-"}]}}