{"10010":{"Yield Table":[{"perfsummary":{"tranche_name":"AMEXCAMT.20172A","scenario_id":"10010","class":"20172A","settles_date":"2019-03-29","yield_id":"price_001"},"result":[{"price":"97.00","dm":"1.53","yield":"3.68"},{"price":"98.00","dm":"1.17","yield":"3.31"},{"price":"99.00","dm":"0.81","yield":"2.94"},{"price":"100","dm":"0.45","yield":"2.58"},{"price":"101.00","dm":"0.10","yield":"2.22"},{"price":"102.00","dm":"-0.25","yield":"1.87"},{"price":"103.00","dm":"-0.60","yield":"1.52"}]},{"perfsummary":{"tranche_name":"AMEXCAMT.20172B","scenario_id":"10010","class":"20172B","settles_date":"2019-03-29","yield_id":"price_001"},"result":[{"price":"97.00","dm":"1.74","yield":"3.88"},{"price":"98.00","dm":"1.37","yield":"3.51"},{"price":"99.00","dm":"1.01","yield":"3.15"},{"price":"100","dm":"0.65","yield":"2.78"},{"price":"101.00","dm":"0.30","yield":"2.42"},{"price":"102.00","dm":"-0.06","yield":"2.07"},{"price":"103.00","dm":"-0.40","yield":"1.72"}]}],"Tranche Statistics":[{"perfsummary":{"tranche_name":"AMEXCAMT.20172A","scenario_id":"10010","class":"20172A","settles_date":"2019-03-29","irr_id":"IRR_001"},"result":[{"Average Life":"2.93"},{"Duration":"2.82"},{"Modified Duration":"2.78"},{"First Principal Payment":"2022-02"},{"Last Principal Payment":"2022-02"},{"Tranche Loss":"0.00"},{"Tranche Loss %":"0.00"},{"Collateral Loss":"6.64e+22"},{"Collateral Loss %":"221109257521734.2500"},{"First Loss in Principal":""},{"First Loss in Interest":""},{"Purchase Date (IRR)":"2019-03-29"},{"Purchase Price (IRR)":"100.00"},{"IRR":"2.58"}]},{"perfsummary":{"tranche_name":"AMEXCAMT.20172B","scenario_id":"10010","class":"20172B","settles_date":"2019-03-29","irr_id":"IRR_001"},"result":[{"Average Life":"2.93"},{"Duration":"2.81"},{"Modified Duration":"2.77"},{"First Principal Payment":"2022-02"},{"Last Principal Payment":"2022-02"},{"Tranche Loss":"0.00"},{"Tranche Loss %":"0.00"},{"Collateral Loss":"6.64e+22"},{"Collateral Loss %":"221109257521734.2500"},{"First Loss in Principal":""},{"First Loss in Interest":""},{"Purchase Date (IRR)":"2019-03-29"},{"Purchase Price (IRR)":"100.00"},{"IRR":"2.78"}]}]}}