{"10135":{"Yield Table":[{"perfsummary":{"tranche_name":"FLATIR17.A","scenario_id":"10135","class":"A","settles_date":"2019-03-29","yield_id":"price_001"},"result":[{"price":"97.00","dm":"","yield":""},{"price":"98.00","dm":"","yield":""},{"price":"99.00","dm":"","yield":""},{"price":"100","dm":""},{"price":"101.00","dm":"","yield":""},{"price":"102.00","dm":"","yield":""},{"price":"103.00","dm":"","yield":""}]},{"perfsummary":{"tranche_name":"FLATIR17.B","scenario_id":"10135","class":"B","settles_date":"2019-03-29","yield_id":"price_001"},"result":[{"price":"97.00","dm":"2.12","yield":"4.42"},{"price":"98.00","dm":"1.94","yield":"4.24"},{"price":"99.00","dm":"1.76","yield":"4.06"},{"price":"100","dm":"1.58","yield":"3.88"},{"price":"101.00","dm":"1.41","yield":"3.70"},{"price":"102.00","dm":"1.24","yield":"3.52"},{"price":"103.00","dm":"1.07","yield":"3.35"}]},{"perfsummary":{"tranche_name":"FLATIR17.C","scenario_id":"10135","class":"C","settles_date":"2019-03-29","yield_id":"price_001"},"result":[{"price":"97.00","dm":"2.70","yield":"5.07"},{"price":"98.00","dm":"2.56","yield":"4.93"},{"price":"99.00","dm":"2.42","yield":"4.79"},{"price":"100","dm":"2.28","yield":"4.65"},{"price":"101.00","dm":"2.15","yield":"4.51"},{"price":"102.00","dm":"2.01","yield":"4.37"},{"price":"103.00","dm":"1.88","yield":"4.24"}]},{"perfsummary":{"tranche_name":"FLATIR17.D","scenario_id":"10135","class":"D","settles_date":"2019-03-29","yield_id":"price_001"},"result":[{"price":"97.00","dm":"-25.37","yield":"-21.92"},{"price":"98.00","dm":"-25.49","yield":"-22.03"},{"price":"99.00","dm":"-25.62","yield":"-22.15"},{"price":"100","dm":"-25.75","yield":"-22.26"},{"price":"101.00","dm":"-25.87","yield":"-22.37"},{"price":"102.00","dm":"-25.99","yield":"-22.48"},{"price":"103.00","dm":"-26.11","yield":"-22.59"}]},{"perfsummary":{"tranche_name":"FLATIR17.E","scenario_id":"10135","class":"E","settles_date":"2019-03-29","yield_id":"price_001"},"result":[{"price":"97.00","dm":"-66.87","yield":"-56.50"},{"price":"98.00","dm":"-67.31","yield":"-56.83"},{"price":"99.00","dm":"-67.74","yield":"-57.16"},{"price":"100","dm":"-68.17","yield":"-57.48"},{"price":"101.00","dm":"-68.59","yield":"-57.80"},{"price":"102.00","dm":"-69.00","yield":"-58.11"},{"price":"103.00","dm":"-69.41","yield":"-58.42"}]},{"perfsummary":{"tranche_name":"FLATIR17.PS","scenario_id":"10135","class":"PS","settles_date":"2019-03-29","yield_id":"price_001"},"result":[{"price":"97.00","dm":"-60.85","yield":"-46.44"},{"price":"98.00","dm":"-61.40","yield":"-46.75"},{"price":"99.00","dm":"-61.95","yield":"-47.06"},{"price":"100","dm":"-62.49","yield":"-47.36"},{"price":"101.00","dm":"-63.02","yield":"-47.65"},{"price":"102.00","dm":"-63.55","yield":"-47.94"},{"price":"103.00","dm":"-64.07","yield":"-48.23"}]}],"Tranche Statistics":[{"perfsummary":{"tranche_name":"FLATIR17.A","scenario_id":"10135","class":"A","settles_date":"2019-03-29","irr_id":"IRR_001"},"result":[{"Average Life":""},{"Duration":""},{"Modified Duration":""},{"First Principal Payment":"2022-05"},{"Last Principal Payment":"2025-02"},{"Tranche Loss":"0.00"},{"Tranche Loss %":"0.00"},{"Collateral Loss":"88,724,697.20"},{"Collateral Loss %":"22.6029"},{"First Loss in Principal":""},{"First Loss in Interest":""},{"Purchase Date (IRR)":"2019-03-29"},{"Purchase Price (IRR)":"100.00"},{"IRR":"3.45"}]},{"perfsummary":{"tranche_name":"FLATIR17.B","scenario_id":"10135","class":"B","settles_date":"2019-03-29","irr_id":"IRR_001"},"result":[{"Average Life":"6.42"},{"Duration":"5.69"},{"Modified Duration":"5.58"},{"First Principal Payment":"2025-02"},{"Last Principal Payment":"2026-05"},{"Tranche Loss":"0.00"},{"Tranche Loss %":"0.00"},{"Collateral Loss":"88,724,697.20"},{"Collateral Loss %":"22.6029"},{"First Loss in Principal":""},{"First Loss in Interest":""},{"Purchase Date (IRR)":"2019-03-29"},{"Purchase Price (IRR)":"100.00"},{"IRR":"3.84"}]},{"perfsummary":{"tranche_name":"FLATIR17.C","scenario_id":"10135","class":"C","settles_date":"2019-03-29","irr_id":"IRR_001"},"result":[{"Average Life":"8.96"},{"Duration":"7.34"},{"Modified Duration":"7.17"},{"First Principal Payment":"2026-05"},{"Last Principal Payment":"2030-02"},{"Tranche Loss":"0.00"},{"Tranche Loss %":"0.00"},{"Collateral Loss":"88,724,697.20"},{"Collateral Loss %":"22.6029"},{"First Loss in Principal":""},{"First Loss in Interest":""},{"Purchase Date (IRR)":"2019-03-29"},{"Purchase Price (IRR)":"100.00"},{"IRR":"4.62"}]},{"perfsummary":{"tranche_name":"FLATIR17.D","scenario_id":"10135","class":"D","settles_date":"2019-03-29","irr_id":"IRR_001"},"result":[{"Average Life":"11.04"},{"Duration":"7.88"},{"Modified Duration":"8.87"},{"First Principal Payment":"2030-02"},{"Last Principal Payment":"2030-02"},{"Tranche Loss":"35,353,671.23"},{"Tranche Loss %":"147.31"},{"Collateral Loss":"88,724,697.20"},{"Collateral Loss %":"22.6029"},{"First Loss in Principal":""},{"First Loss in Interest":""},{"Purchase Date (IRR)":"2019-03-29"},{"Purchase Price (IRR)":"100.00"},{"IRR":"-22.29"}]},{"perfsummary":{"tranche_name":"FLATIR17.E","scenario_id":"10135","class":"E","settles_date":"2019-03-29","irr_id":"IRR_001"},"result":[{"Average Life":"0.00"},{"Duration":"2.21"},{"Modified Duration":"3.10"},{"First Principal Payment":"N/A"},{"Last Principal Payment":"N/A"},{"Tranche Loss":"34,753,933.24"},{"Tranche Loss %":"193.08"},{"Collateral Loss":"88,724,697.20"},{"Collateral Loss %":"22.6029"},{"First Loss in Principal":""},{"First Loss in Interest":""},{"Purchase Date (IRR)":"2019-03-29"},{"Purchase Price (IRR)":"100.00"},{"IRR":"-57.59"}]},{"perfsummary":{"tranche_name":"FLATIR17.PS","scenario_id":"10135","class":"PS","settles_date":"2019-03-29","irr_id":"IRR_001"},"result":[{"Average Life":"1.37"},{"Duration":"1.77"},{"Modified Duration":"3.36"},{"First Principal Payment":"N/A"},{"Last Principal Payment":"N/A"},{"Tranche Loss":"40,000,000.00"},{"Tranche Loss %":"100.00"},{"Collateral Loss":"88,724,697.20"},{"Collateral Loss %":"22.6029"},{"First Loss in Principal":""},{"First Loss in Interest":""},{"Purchase Date (IRR)":"2019-03-29"},{"Purchase Price (IRR)":"100.00"},{"XIRR":"-47.26"}]}]}}