{"10209":{"Yield Table":[{"perfsummary":{"tranche_name":"PALMS182.A1","scenario_id":"10209","class":"A1","settles_date":"2019-03-29","yield_id":"price_001"},"result":[{"price":"97.00","dm":"65.76","yield":"80.23"},{"price":"98.00","dm":"43.61","yield":"51.59"},{"price":"99.00","dm":"21.90","yield":"26.12"},{"price":"100","dm":"0.63","yield":"3.44"},{"price":"101.00","dm":"-20.23","yield":"-16.77"},{"price":"102.00","dm":"-40.68","yield":"-34.80"},{"price":"103.00","dm":"-60.74","yield":"-50.91"}]},{"perfsummary":{"tranche_name":"PALMS182.A2","scenario_id":"10209","class":"A2","settles_date":"2019-03-29","yield_id":"price_001"},"result":[{"price":"97.00","dm":"66.11","yield":"80.71"},{"price":"98.00","dm":"43.97","yield":"52.04"},{"price":"99.00","dm":"22.28","yield":"26.54"},{"price":"100","dm":"1.02","yield":"3.84"},{"price":"101.00","dm":"-19.82","yield":"-16.39"},{"price":"102.00","dm":"-40.26","yield":"-34.45"},{"price":"103.00","dm":"-60.31","yield":"-50.58"}]},{"perfsummary":{"tranche_name":"PALMS182.B","scenario_id":"10209","class":"B","settles_date":"2019-03-29","yield_id":"price_001"},"result":[{"price":"97.00","dm":"66.46","yield":"81.19"},{"price":"98.00","dm":"44.34","yield":"52.49"},{"price":"99.00","dm":"22.66","yield":"26.97"},{"price":"100","dm":"1.41","yield":"4.24"},{"price":"101.00","dm":"-19.42","yield":"-16.02"},{"price":"102.00","dm":"-39.84","yield":"-34.10"},{"price":"103.00","dm":"-59.88","yield":"-50.25"}]},{"perfsummary":{"tranche_name":"PALMS182.C","scenario_id":"10209","class":"C","settles_date":"2019-03-29","yield_id":"price_001"},"result":[{"price":"97.00","dm":"66.90","yield":"81.79"},{"price":"98.00","dm":"44.80","yield":"53.06"},{"price":"99.00","dm":"23.14","yield":"27.50"},{"price":"100","dm":"1.90","yield":"4.74"},{"price":"101.00","dm":"-18.91","yield":"-15.55"},{"price":"102.00","dm":"-39.32","yield":"-33.66"},{"price":"103.00","dm":"-59.34","yield":"-49.84"}]},{"perfsummary":{"tranche_name":"PALMS182.D","scenario_id":"10209","class":"D","settles_date":"2019-03-29","yield_id":"price_001"},"result":[{"price":"97.00","dm":"68.65","yield":"84.18"},{"price":"98.00","dm":"46.62","yield":"55.31"},{"price":"99.00","dm":"25.02","yield":"29.63"},{"price":"100","dm":"3.86","yield":"6.75"},{"price":"101.00","dm":"-16.89","yield":"-13.66"},{"price":"102.00","dm":"-37.24","yield":"-31.89"},{"price":"103.00","dm":"-57.20","yield":"-48.18"}]},{"perfsummary":{"tranche_name":"PALMS182.E","scenario_id":"10209","class":"E","settles_date":"2019-03-29","yield_id":"price_001"},"result":[{"price":"97.00","dm":"70.42","yield":"86.63"},{"price":"98.00","dm":"48.46","yield":"57.63"},{"price":"99.00","dm":"26.94","yield":"31.82"},{"price":"100","dm":"5.85","yield":"8.80"},{"price":"101.00","dm":"-14.84","yield":"-11.73"},{"price":"102.00","dm":"-35.13","yield":"-30.07"},{"price":"103.00","dm":"-55.03","yield":"-46.48"}]},{"perfsummary":{"tranche_name":"PALMS182.PS","scenario_id":"10209","class":"PS","settles_date":"2019-03-29","yield_id":"price_001"},"result":[{"price":"97.00","dm":"-100.00","yield":"-99.87"},{"price":"98.00","dm":"-100.00","yield":"-99.89"},{"price":"99.00","dm":"-100.00","yield":"-99.91"},{"price":"100","dm":"-100.00","yield":"-99.93"},{"price":"101.00","dm":"-100.00","yield":"-99.94"},{"price":"102.00","dm":"-100.00","yield":"-99.96"},{"price":"103.00","dm":"-100.00","yield":"-99.96"}]}],"Tranche Statistics":[{"perfsummary":{"tranche_name":"PALMS182.A1","scenario_id":"10209","class":"A1","settles_date":"2019-03-29","irr_id":"IRR_001"},"result":[{"Average Life":"0.05"},{"Duration":"0.05"},{"Modified Duration":"0.05"},{"First Principal Payment":"2019-04"},{"Last Principal Payment":"2019-04"},{"Tranche Loss":"0.00"},{"Tranche Loss %":"0.00"},{"Collateral Loss":"7,493,566.65"},{"Collateral Loss %":"1.7110"},{"First Loss in Principal":""},{"First Loss in Interest":""},{"Purchase Date (IRR)":"2019-03-29"},{"Purchase Price (IRR)":"100.00"},{"IRR":"-100.00"}]},{"perfsummary":{"tranche_name":"PALMS182.A2","scenario_id":"10209","class":"A2","settles_date":"2019-03-29","irr_id":"IRR_001"},"result":[{"Average Life":"0.05"},{"Duration":"0.05"},{"Modified Duration":"0.05"},{"First Principal Payment":"2019-04"},{"Last Principal Payment":"2019-04"},{"Tranche Loss":"0.00"},{"Tranche Loss %":"0.00"},{"Collateral Loss":"7,493,566.65"},{"Collateral Loss %":"1.7110"},{"First Loss in Principal":""},{"First Loss in Interest":""},{"Purchase Date (IRR)":"2019-03-29"},{"Purchase Price (IRR)":"100.00"},{"IRR":"-100.00"}]},{"perfsummary":{"tranche_name":"PALMS182.B","scenario_id":"10209","class":"B","settles_date":"2019-03-29","irr_id":"IRR_001"},"result":[{"Average Life":"0.05"},{"Duration":"0.05"},{"Modified Duration":"0.05"},{"First Principal Payment":"2019-04"},{"Last Principal Payment":"2019-04"},{"Tranche Loss":"0.00"},{"Tranche Loss %":"0.00"},{"Collateral Loss":"7,493,566.65"},{"Collateral Loss %":"1.7110"},{"First Loss in Principal":""},{"First Loss in Interest":""},{"Purchase Date (IRR)":"2019-03-29"},{"Purchase Price (IRR)":"100.00"},{"IRR":"-100.00"}]},{"perfsummary":{"tranche_name":"PALMS182.C","scenario_id":"10209","class":"C","settles_date":"2019-03-29","irr_id":"IRR_001"},"result":[{"Average Life":"0.05"},{"Duration":"0.05"},{"Modified Duration":"0.05"},{"First Principal Payment":"2019-04"},{"Last Principal Payment":"2019-04"},{"Tranche Loss":"0.00"},{"Tranche Loss %":"0.00"},{"Collateral Loss":"7,493,566.65"},{"Collateral Loss %":"1.7110"},{"First Loss in Principal":""},{"First Loss in Interest":""},{"Purchase Date (IRR)":"2019-03-29"},{"Purchase Price (IRR)":"100.00"},{"IRR":"-100.00"}]},{"perfsummary":{"tranche_name":"PALMS182.D","scenario_id":"10209","class":"D","settles_date":"2019-03-29","irr_id":"IRR_001"},"result":[{"Average Life":"0.05"},{"Duration":"0.05"},{"Modified Duration":"0.05"},{"First Principal Payment":"2019-04"},{"Last Principal Payment":"2019-04"},{"Tranche Loss":"0.00"},{"Tranche Loss %":"0.00"},{"Collateral Loss":"7,493,566.65"},{"Collateral Loss %":"1.7110"},{"First Loss in Principal":""},{"First Loss in Interest":""},{"Purchase Date (IRR)":"2019-03-29"},{"Purchase Price (IRR)":"100.00"},{"IRR":"-100.00"}]},{"perfsummary":{"tranche_name":"PALMS182.E","scenario_id":"10209","class":"E","settles_date":"2019-03-29","irr_id":"IRR_001"},"result":[{"Average Life":"0.05"},{"Duration":"0.05"},{"Modified Duration":"0.05"},{"First Principal Payment":"2019-04"},{"Last Principal Payment":"2019-04"},{"Tranche Loss":"0.00"},{"Tranche Loss %":"0.00"},{"Collateral Loss":"7,493,566.65"},{"Collateral Loss %":"1.7110"},{"First Loss in Principal":""},{"First Loss in Interest":""},{"Purchase Date (IRR)":"2019-03-29"},{"Purchase Price (IRR)":"100.00"},{"IRR":"-100.00"}]},{"perfsummary":{"tranche_name":"PALMS182.PS","scenario_id":"10209","class":"PS","settles_date":"2019-03-29","irr_id":"IRR_001"},"result":[{"Average Life":"0.05"},{"Duration":"0.05"},{"Modified Duration":"67.71"},{"First Principal Payment":"N/A"},{"Last Principal Payment":"N/A"},{"Tranche Loss":"35,700,000.00"},{"Tranche Loss %":"100.00"},{"Collateral Loss":"7,493,566.65"},{"Collateral Loss %":"1.7110"},{"First Loss in Principal":""},{"First Loss in Interest":""},{"Purchase Date (IRR)":"2019-03-29"},{"Purchase Price (IRR)":"100.00"},{"XIRR":"-95.04"}]}]}}