<?xml version="1.0" encoding="UTF-8"?>
<Configuration monitorInterval="60">
    <Properties>
        <Property name="log-path">test-output/logs</Property>
        <!--  Property name="log-path">C:/SAV/QA/Nova/Auto/tmp/logs</Property-->
        <Property name="archive">${log-path}/archive</Property>
    </Properties>
    <Appenders>
        <Console name="Console-Appender" target="SYSTEM_OUT">
            <PatternLayout>
                <pattern>
                    [%-5level] %d{yyyy-MM-dd HH:mm:ss.SSS} [%t] %C{10} - %msg%n
                </pattern>>
            </PatternLayout>
        </Console>
        <File name="File-Appender" fileName="${log-path}/nova.log" >
            <PatternLayout>
                <pattern>                  
                   [%-5level] %d{yyyy-MM-dd HH:mm:ss.SSS} [%t] %C{10} - %msg%n
                </pattern>
            </PatternLayout>
        </File>        
        <File name="FileError" fileName="${log-path}/nova_error.log">
            <ThresholdFilter level="ERROR" onMatch="ACCEPT" onMismatch="DENY"/>
            <PatternLayout pattern="[%-5level] %d{yyyy-MM-dd HH:mm:ss.SSS} [%t] %C{10} - %msg%n"/>
        </File>
        
        
        <RollingFile name="RollingFile-Appender"
        	fileName="${log-path}/rollingfile.log"
        	filePattern="${archive}/rollingfile.log.%d{yyyy-MM-dd-hh-mm}.gz">
 			<PatternLayout pattern="[%-5level] %d{yyyy-MM-dd HH:mm:ss.SSS} [%t] %C{10}- %msg%n"/>
			<Policies>
               	<TimeBasedTriggeringPolicy/>
              	<SizeBasedTriggeringPolicy size="30 MB"/>
       		</Policies>
        	<DefaultRolloverStrategy max="30"/>
        </RollingFile>
        
    </Appenders>
    
    <Loggers>
           
        <Root level="info">
            <AppenderRef ref="Console-Appender"/>
            <AppenderRef ref="File-Appender"/>   
			<AppenderRef ref = "FileError"/>       
        </Root>
    </Loggers>
    
</Configuration>