{
"cmbs_sanity_sim_v3_sherry": {
    "jobName": "cmbs_sanity_sim_v3_sherry",
    "jobId": 8274
},
"cmbs_sanity_static_v2_sherry": {
    "jobName": "cmbs_sanity_static_v2_sherry",
    "jobId": 8273
}
"cmbs_sanity_static_v3_default": {
    "jobName": "cmbs_sanity_static_v3_default",
    "jobId": 8272
}
"cmbs_sanity_sim_v2_default": {
    "jobName": "cmbs_sanity_sim_v2_default",
    "jobId": 8271
}
"cmbs_sanity_static_v3_average": {
    "jobName": "cmbs_sanity_static_v3_average",
    "jobId": 8270
}
"cmbs_sanity_static_v2_average": {
    "jobName": "cmbs_sanity_static_v3_average",
    "jobId": 8269
}
"cmbs_sanity_sim_v3_average": {
    "jobName": "cmbs_sanity_sim_v3_average",
    "jobId": 8265
}
"cmbs_sanity_sim_v2_average": {
    "jobName": "cmbs_sanity_sim_v2_average",
    "jobId": 8258
}
}