{
  "cmbs_sanity_sim_v2_average": {
    "portfolioFilePath": "C:\\SAV\\QA\\Project\\TIAA\\config/testcase/launchCmbsSanity.csv",
    "businessType": "CMBS",
    "runType": "simulation",
    "jobName": "cmbs_sanity_sim_v2_average_20190201160537133",
    "tailPercentageLevl": "5",
    "confidenceLevelPercentage": "95",
    "optimizationPercentageLevel": "10",
    "scenarios": {
      "CustomScen": "25",
      "MEDC S4": "35",
      "MEDC Base": "40"
    },
    "scenarioBlended": true,
    "asOfDate": "2018-10-31",
    "cusipsList": [
      "55375KAL0",
      "125039AF4",
      "05524HAE8",
      "94989AAT2",
      "55312VAK4",
      "96221TAE7",
      "902055AN2",
      "05526WAL7",
      "94989AAZ8",
      "94989AAK1"
    ],
    "forceSync": true,
    "dscrLtv": "use average",
    "cmmForecast": "Fall 2018",
    "cmmVersion": "V2",
    "simPaths": "10000"
  },
  "cmbs_sanity_sim_v3_average": {
    "portfolioFilePath": "C:\\SAV\\QA\\Project\\TIAA\\config/testcase/launchCmbsSanity.csv",
    "businessType": "CMBS",
    "runType": "simulation",
    "jobName": "cmbs_sanity_sim_v3_average_20190201160606283",
    "tailPercentageLevl": "5",
    "confidenceLevelPercentage": "95",
    "optimizationPercentageLevel": "10",
    "scenarios": {
      "CustomScen": "25",
      "MEDC S4": "35",
      "MEDC Base": "40"
    },
    "scenarioBlended": true,
    "asOfDate": "2018-10-31",
    "cusipsList": [
      "55375KAL0",
      "125039AF4",
      "05524HAE8",
      "94989AAT2",
      "55312VAK4",
      "96221TAE7",
      "902055AN2",
      "05526WAL7",
      "94989AAZ8",
      "94989AAK1"
    ],
    "forceSync": true,
    "dscrLtv": "use average",
    "cmmForecast": "Fall 2018",
    "cmmVersion": "V3",
    "simPaths": "10000"
  },
  "cmbs_sanity_static_v2_average": {
    "portfolioFilePath": "C:\\SAV\\QA\\Project\\TIAA\\config/testcase/launchCmbsSanity.csv",
    "businessType": "CMBS",
    "runType": "static",
    "jobName": "cmbs_sanity_static_v2_average_20190201160625287",
    "scenarios": {
      "CustomScen": "25",
      "MEDC S4": "35",
      "MEDC Base": "40"
    },
    "scenarioBlended": true,
    "asOfDate": "2018-10-31",
    "cusipsList": [
      "55375KAL0",
      "125039AF4",
      "05524HAE8",
      "94989AAT2",
      "55312VAK4",
      "96221TAE7",
      "902055AN2",
      "05526WAL7",
      "94989AAZ8",
      "94989AAK1"
    ],
    "forceSync": true,
    "dscrLtv": "use average",
    "cmmForecast": "Fall 2018",
    "cmmVersion": "V2"
  },
  "cmbs_sanity_static_v3_average": {
    "portfolioFilePath": "C:\\SAV\\QA\\Project\\TIAA\\config/testcase/launchCmbsSanity.csv",
    "businessType": "CMBS",
    "runType": "static",
    "jobName": "cmbs_sanity_static_v3_average_20190201160644274",
    "scenarios": {
      "CustomScen": "25",
      "MEDC S4": "35",
      "MEDC Base": "40"
    },
    "scenarioBlended": true,
    "asOfDate": "2018-10-31",
    "cusipsList": [
      "55375KAL0",
      "125039AF4",
      "05524HAE8",
      "94989AAT2",
      "55312VAK4",
      "96221TAE7",
      "902055AN2",
      "05526WAL7",
      "94989AAZ8",
      "94989AAK1"
    ],
    "forceSync": true,
    "dscrLtv": "use average",
    "cmmForecast": "Fall 2018",
    "cmmVersion": "V3"
  },
  "cmbs_sanity_sim_v2_default": {
    "portfolioFilePath": "C:\\SAV\\QA\\Project\\TIAA\\config/testcase/launchCmbsSanity.csv",
    "businessType": "CMBS",
    "runType": "simulation",
    "jobName": "cmbs_sanity_sim_v2_default_20190201160703668",
    "tailPercentageLevl": "5",
    "confidenceLevelPercentage": "95",
    "optimizationPercentageLevel": "10",
    "scenarios": {
      "CustomScen": "25",
      "MEDC S4": "35",
      "MEDC Base": "40"
    },
    "scenarioBlended": true,
    "asOfDate": "2018-10-31",
    "cusipsList": [
      "55375KAL0",
      "125039AF4",
      "05524HAE8",
      "94989AAT2",
      "55312VAK4",
      "96221TAE7",
      "902055AN2",
      "05526WAL7",
      "94989AAZ8",
      "94989AAK1"
    ],
    "forceSync": true,
    "dscrLtv": "default",
    "cmmForecast": "Fall 2018",
    "cmmVersion": "V2",
    "simPaths": "10000"
  },
  "cmbs_sanity_static_v3_default": {
    "portfolioFilePath": "C:\\SAV\\QA\\Project\\TIAA\\config/testcase/launchCmbsSanity.csv",
    "businessType": "CMBS",
    "runType": "static",
    "jobName": "cmbs_sanity_static_v3_default_20190201160723478",
    "scenarios": {
      "CustomScen": "25",
      "MEDC S4": "35",
      "MEDC Base": "40"
    },
    "scenarioBlended": true,
    "asOfDate": "2018-10-31",
    "cusipsList": [
      "55375KAL0",
      "125039AF4",
      "05524HAE8",
      "94989AAT2",
      "55312VAK4",
      "96221TAE7",
      "902055AN2",
      "05526WAL7",
      "94989AAZ8",
      "94989AAK1"
    ],
    "forceSync": true,
    "dscrLtv": "default",
    "cmmForecast": "Fall 2018",
    "cmmVersion": "V3"
  },
  "cmbs_sanity_static_v2_sherry": {
    "portfolioFilePath": "C:\\SAV\\QA\\Project\\TIAA\\config/testcase/launchCmbsSanity.csv",
    "businessType": "CMBS",
    "runType": "static",
    "jobName": "cmbs_sanity_static_v2_sherry_20190201160742323",
    "scenarios": {
      "CustomScen": "25",
      "MEDC S4": "35",
      "MEDC Base": "40"
    },
    "scenarioBlended": true,
    "asOfDate": "2018-10-31",
    "cusipsList": [
      "55375KAL0",
      "125039AF4",
      "05524HAE8",
      "94989AAT2",
      "55312VAK4",
      "96221TAE7",
      "902055AN2",
      "05526WAL7",
      "94989AAZ8",
      "94989AAK1"
    ],
    "forceSync": true,
    "dscrLtv": "Sherry",
    "cmmForecast": "Fall 2018",
    "cmmVersion": "V2"
  },
  "cmbs_sanity_sim_v3_sherry": {
    "portfolioFilePath": "C:\\SAV\\QA\\Project\\TIAA\\config/testcase/launchCmbsSanity.csv",
    "businessType": "CMBS",
    "runType": "simulation",
    "jobName": "cmbs_sanity_sim_v3_sherry_20190201160800622",
    "tailPercentageLevl": "5",
    "confidenceLevelPercentage": "95",
    "optimizationPercentageLevel": "10",
    "scenarios": {
      "CustomScen": "25",
      "MEDC S4": "35",
      "MEDC Base": "40"
    },
    "scenarioBlended": true,
    "asOfDate": "2018-10-31",
    "cusipsList": [
      "55375KAL0",
      "125039AF4",
      "05524HAE8",
      "94989AAT2",
      "55312VAK4",
      "96221TAE7",
      "902055AN2",
      "05526WAL7",
      "94989AAZ8",
      "94989AAK1"
    ],
    "forceSync": true,
    "dscrLtv": "Sherry",
    "cmmForecast": "Fall 2018",
    "cmmVersion": "V3",
    "simPaths": "10000"
  }
}