10012_price_001_IRR_001,BUCKPARK,3/29/2019
10132_price_001_IRR_001,BUCKPARK,3/29/2019
10203_price_001_IRR_001,ELMPARK,3/29/2019
10001_price_001_IRR_001,ELMPARK,3/29/2019
10132_price_001_IRR_001,ELMPARK,3/29/2019
10203_price_001_IRR_001,MADPK11,3/29/2019
10001_price_001_IRR_001,MADPK11,3/29/2019
10012_price_001_IRR_001,ELMPARK,3/29/2019
10238_price_001_IRR_001,BUCKPARK,3/29/2019
10238_price_001_IRR_001,ELMPARK,3/29/2019
10012_price_001_IRR_001,MADPK11,3/29/2019
10132_price_001_IRR_001,MADPK11,3/29/2019
10011_price_001_IRR_001,BUCKPARK,3/29/2019
10014_price_001_IRR_001,MADPK11,3/29/2019
10009_price_001_IRR_001,BUCKPARK,3/29/2019
10238_price_001_IRR_001,MADPK11,3/29/2019
10014_price_001_IRR_001,ELMPARK,3/29/2019
10010_price_001_IRR_001,ELMPARK,3/29/2019
10012_price_001_IRR_001,NB_30,3/29/2019
10012_price_001_IRR_001,DDEN66EU,3/29/2019
10011_price_001_IRR_001,ELMPARK,3/29/2019
10132_price_001_IRR_001,DDEN66EU,3/29/2019
10013_price_001_IRR_001,MADPK11,3/29/2019
10011_price_001_IRR_001,MADPK11,3/29/2019
10132_price_001_IRR_001,NB_30,3/29/2019
10014_price_001_IRR_001,NB_30,3/29/2019
10009_price_001_IRR_001,NB_30,3/29/2019
10010_price_001_IRR_001,NB_30,3/29/2019
10011_price_001_IRR_001,DDEN66EU,3/29/2019
10009_price_001_IRR_001,MADPK11,3/29/2019
10013_price_001_IRR_001,NB_30,3/29/2019
10011_price_001_IRR_001,NB_30,3/29/2019
10011_price_001_IRR_001,MJXVEN2C,3/29/2019
10012_price_001_IRR_001,MJXVEN2C,3/29/2019
10014_price_001_IRR_001,MJXVEN2C,3/29/2019
10013_price_001_IRR_001,MJXVEN2C,3/29/2019
10203_price_001_IRR_001,MJXVEN2C,3/29/2019
10238_price_001_IRR_001,MJXVEN2C,3/29/2019
10132_price_001_IRR_001,MJXVEN2C,3/29/2019
10001_price_001_IRR_001,MJXVEN2C,3/29/2019
10009_price_001_IRR_001,MJXVEN2C,3/29/2019
10010_price_001_IRR_001,MJXVEN2C,3/29/2019
10203_price_001_IRR_001,BD_17-2,3/29/2019
10012_price_001_IRR_001,BD_17-2,3/29/2019
10132_price_001_IRR_001,BD_17-2,3/29/2019
10001_price_001_IRR_001,BD_17-2,3/29/2019
10238_price_001_IRR_001,BD_17-2,3/29/2019
10014_price_001_IRR_001,BD_17-2,3/29/2019
10013_price_001_IRR_001,BD_17-2,3/29/2019
10011_price_001_IRR_001,SASCO20T,3/29/2019
10012_price_001_IRR_001,SASCO20T,3/29/2019
10014_price_001_IRR_001,SASCO20T,3/29/2019
10238_price_001_IRR_001,SASCO20T,3/29/2019
10203_price_001_IRR_001,SASCO20T,3/29/2019
10011_price_001_IRR_001,BD_17-2,3/29/2019
10009_price_001_IRR_001,SASCO20T,3/29/2019
10010_price_001_IRR_001,BD_17-2,3/29/2019
10009_price_001_IRR_001,BD_17-2,3/29/2019
10011,SASCO20T,3/29/2019
10012,SASCO20T,3/29/2019
10013,SASCO20T,3/29/2019
10014,SASCO20T,3/29/2019
10010,SASCO20T,3/29/2019
10238,SASCO20T,3/29/2019
10203,SASCO20T,3/29/2019
10132,SASCO20T,3/29/2019
10009,SASCO20T,3/29/2019
10203_price_001_IRR_001,NB_30,3/29/2019
10009_price_001_IRR_001,BUCKPARK,3/29/2019
10013_price_001_IRR_001,ELMPARK,3/29/2019
10011_price_001_IRR_001,BD_17-2,3/29/2019
10010_price_001_IRR_001,MADPK11,3/29/2019
10238_price_001_IRR_001,MJXVEN2C,3/29/2019
10014_price_001_IRR_001,MJXVEN2C,3/29/2019
10013_price_001_IRR_001,MJXVEN2C,3/29/2019
10001_price_001_IRR_001,SASCO20T,3/29/2019
10001,SASCO20T,3/29/2019
