{"Tranche Flows":[{"perfsummary":{"tranche_name":"PALMS182.A1","class":"A1","scenario_id":"10209","settles_date":"2019-03-29"},"cashflows":[{"Month":"0","Date":"2019-01-15","End Balance":"288,905,912.26","Interest":"0.00","Principal":"0.00","Total Payment":"0.00","Losses":"0.00","Coupon":"0.00","Due Interest":"0.00","Deferred Interest":"0.00","Arrears":"0.00","Int Arrears":"0.00","Bond Factor":"1.00","Index":"2.79"},{"Month":"1","Date":"2019-02-15","End Balance":"288,905,912.26","Interest":"0.00","Principal":"0.00","Total Payment":"0.00","Losses":"0.00","Coupon":"3.44","Due Interest":"0.00","Deferred Interest":"0.00","Arrears":"0.00","Int Arrears":"0.00","Bond Factor":"1.00","Index":"2.79"},{"Month":"2","Date":"2019-03-15","End Balance":"288,905,912.26","Interest":"0.00","Principal":"0.00","Total Payment":"0.00","Losses":"0.00","Coupon":"3.44","Due Interest":"0.00","Deferred Interest":"0.00","Arrears":"0.00","Int Arrears":"0.00","Bond Factor":"1.00","Index":"2.79"},{"Month":"3","Date":"2019-04-15","End Balance":"0.00","Interest":"2,482,647.95","Principal":"288,905,912.26","Total Payment":"291,388,560.21","Losses":"0.00","Coupon":"0.00","Due Interest":"2,482,647.95","Deferred Interest":"0.00","Arrears":"0.00","Int Arrears":"0.00","Bond Factor":"0.00","Index":"2.79"}]},{"perfsummary":{"tranche_name":"PALMS182.A2","class":"A2","scenario_id":"10209","settles_date":"2019-03-29"},"cashflows":[{"Month":"0","Date":"2019-01-15","End Balance":"59,300,000.00","Interest":"0.00","Principal":"0.00","Total Payment":"0.00","Losses":"0.00","Coupon":"0.00","Due Interest":"0.00","Deferred Interest":"0.00","Arrears":"0.00","Int Arrears":"0.00","Bond Factor":"1.00","Index":"2.79"},{"Month":"1","Date":"2019-02-15","End Balance":"59,300,000.00","Interest":"0.00","Principal":"0.00","Total Payment":"0.00","Losses":"0.00","Coupon":"3.84","Due Interest":"0.00","Deferred Interest":"0.00","Arrears":"0.00","Int Arrears":"0.00","Bond Factor":"1.00","Index":"2.79"},{"Month":"2","Date":"2019-03-15","End Balance":"59,300,000.00","Interest":"0.00","Principal":"0.00","Total Payment":"0.00","Losses":"0.00","Coupon":"3.84","Due Interest":"0.00","Deferred Interest":"0.00","Arrears":"0.00","Int Arrears":"0.00","Bond Factor":"1.00","Index":"2.79"},{"Month":"3","Date":"2019-04-15","End Balance":"0.00","Interest":"568,881.21","Principal":"59,300,000.00","Total Payment":"59,868,881.21","Losses":"0.00","Coupon":"0.00","Due Interest":"568,881.21","Deferred Interest":"0.00","Arrears":"0.00","Int Arrears":"0.00","Bond Factor":"0.00","Index":"2.79"}]},{"perfsummary":{"tranche_name":"PALMS182.B","class":"B","scenario_id":"10209","settles_date":"2019-03-29"},"cashflows":[{"Month":"0","Date":"2019-01-15","End Balance":"33,300,000.00","Interest":"0.00","Principal":"0.00","Total Payment":"0.00","Losses":"0.00","Coupon":"0.00","Due Interest":"0.00","Deferred Interest":"0.00","Arrears":"0.00","Int Arrears":"0.00","Bond Factor":"1.00","Index":"2.79"},{"Month":"1","Date":"2019-02-15","End Balance":"33,300,000.00","Interest":"0.00","Principal":"0.00","Total Payment":"0.00","Losses":"0.00","Coupon":"4.24","Due Interest":"0.00","Deferred Interest":"0.00","Arrears":"0.00","Int Arrears":"0.00","Bond Factor":"1.00","Index":"2.79"},{"Month":"2","Date":"2019-03-15","End Balance":"33,300,000.00","Interest":"0.00","Principal":"0.00","Total Payment":"0.00","Losses":"0.00","Coupon":"4.24","Due Interest":"0.00","Deferred Interest":"0.00","Arrears":"0.00","Int Arrears":"0.00","Bond Factor":"1.00","Index":"2.79"},{"Month":"3","Date":"2019-04-15","End Balance":"0.00","Interest":"352,756.06","Principal":"33,300,000.00","Total Payment":"33,652,756.06","Losses":"0.00","Coupon":"0.00","Due Interest":"352,756.06","Deferred Interest":"0.00","Arrears":"0.00","Int Arrears":"0.00","Bond Factor":"0.00","Index":"2.79"}]},{"perfsummary":{"tranche_name":"PALMS182.C","class":"C","scenario_id":"10209","settles_date":"2019-03-29"},"cashflows":[{"Month":"0","Date":"2019-01-15","End Balance":"17,000,000.00","Interest":"0.00","Principal":"0.00","Total Payment":"0.00","Losses":"0.00","Coupon":"0.00","Due Interest":"0.00","Deferred Interest":"0.00","Arrears":"0.00","Int Arrears":"0.00","Bond Factor":"1.00","Index":"2.79"},{"Month":"1","Date":"2019-02-15","End Balance":"17,000,000.00","Interest":"0.00","Principal":"0.00","Total Payment":"0.00","Losses":"0.00","Coupon":"4.74","Due Interest":"0.00","Deferred Interest":"0.00","Arrears":"0.00","Int Arrears":"0.00","Bond Factor":"1.00","Index":"2.79"},{"Month":"2","Date":"2019-03-15","End Balance":"17,000,000.00","Interest":"0.00","Principal":"0.00","Total Payment":"0.00","Losses":"0.00","Coupon":"4.74","Due Interest":"0.00","Deferred Interest":"0.00","Arrears":"0.00","Int Arrears":"0.00","Bond Factor":"1.00","Index":"2.79"},{"Month":"3","Date":"2019-04-15","End Balance":"0.00","Interest":"201,335.68","Principal":"17,000,000.00","Total Payment":"17,201,335.68","Losses":"0.00","Coupon":"0.00","Due Interest":"201,335.68","Deferred Interest":"0.00","Arrears":"0.00","Int Arrears":"0.00","Bond Factor":"0.00","Index":"2.79"}]},{"perfsummary":{"tranche_name":"PALMS182.D","class":"D","scenario_id":"10209","settles_date":"2019-03-29"},"cashflows":[{"Month":"0","Date":"2019-01-15","End Balance":"17,200,000.00","Interest":"0.00","Principal":"0.00","Total Payment":"0.00","Losses":"0.00","Coupon":"0.00","Due Interest":"0.00","Deferred Interest":"0.00","Arrears":"0.00","Int Arrears":"0.00","Bond Factor":"1.00","Index":"2.79"},{"Month":"1","Date":"2019-02-15","End Balance":"17,200,000.00","Interest":"0.00","Principal":"0.00","Total Payment":"0.00","Losses":"0.00","Coupon":"6.74","Due Interest":"0.00","Deferred Interest":"0.00","Arrears":"0.00","Int Arrears":"0.00","Bond Factor":"1.00","Index":"2.79"},{"Month":"2","Date":"2019-03-15","End Balance":"17,200,000.00","Interest":"0.00","Principal":"0.00","Total Payment":"0.00","Losses":"0.00","Coupon":"6.74","Due Interest":"0.00","Deferred Interest":"0.00","Arrears":"0.00","Int Arrears":"0.00","Bond Factor":"1.00","Index":"2.79"},{"Month":"3","Date":"2019-04-15","End Balance":"0.00","Interest":"289,704.33","Principal":"17,200,000.00","Total Payment":"17,489,704.33","Losses":"0.00","Coupon":"0.00","Due Interest":"289,704.33","Deferred Interest":"0.00","Arrears":"0.00","Int Arrears":"0.00","Bond Factor":"0.00","Index":"2.79"}]},{"perfsummary":{"tranche_name":"PALMS182.E","class":"E","scenario_id":"10209","settles_date":"2019-03-29"},"cashflows":[{"Month":"0","Date":"2019-01-15","End Balance":"5,000,000.00","Interest":"0.00","Principal":"0.00","Total Payment":"0.00","Losses":"0.00","Coupon":"0.00","Due Interest":"0.00","Deferred Interest":"0.00","Arrears":"0.00","Int Arrears":"0.00","Bond Factor":"1.00","Index":"2.79"},{"Month":"1","Date":"2019-02-15","End Balance":"5,000,000.00","Interest":"0.00","Principal":"0.00","Total Payment":"0.00","Losses":"0.00","Coupon":"8.79","Due Interest":"0.00","Deferred Interest":"0.00","Arrears":"0.00","Int Arrears":"0.00","Bond Factor":"1.00","Index":"2.79"},{"Month":"2","Date":"2019-03-15","End Balance":"5,000,000.00","Interest":"0.00","Principal":"0.00","Total Payment":"0.00","Losses":"0.00","Coupon":"8.79","Due Interest":"0.00","Deferred Interest":"0.00","Arrears":"0.00","Int Arrears":"0.00","Bond Factor":"1.00","Index":"2.79"},{"Month":"3","Date":"2019-04-15","End Balance":"0.00","Interest":"109,841.38","Principal":"5,000,000.00","Total Payment":"5,109,841.38","Losses":"0.00","Coupon":"0.00","Due Interest":"109,841.38","Deferred Interest":"0.00","Arrears":"0.00","Int Arrears":"0.00","Bond Factor":"0.00","Index":"2.79"}]},{"perfsummary":{"tranche_name":"PALMS182.PS","class":"PS","scenario_id":"10209","settles_date":"2019-03-29"},"cashflows":[{"Month":"0","Date":"2019-01-15","End Balance":"35,700,000.00","Interest":"0.00","Principal":"0.00","Total Payment":"0.00","Losses":"0.00","Coupon":"0.00","Due Interest":"0.00","Deferred Interest":"0.00","Arrears":"0.00","Int Arrears":"0.00","Bond Factor":"1.00","Index":"0.00"},{"Month":"1","Date":"2019-02-15","End Balance":"35,700,000.00","Interest":"0.00","Principal":"0.00","Total Payment":"0.00","Losses":"0.00","Coupon":"0.00","Due Interest":"0.00","Deferred Interest":"0.00","Arrears":"0.00","Int Arrears":"0.00","Bond Factor":"1.00","Index":"0.00"},{"Month":"2","Date":"2019-03-15","End Balance":"35,700,000.00","Interest":"0.00","Principal":"0.00","Total Payment":"0.00","Losses":"0.00","Coupon":"0.00","Due Interest":"0.00","Deferred Interest":"0.00","Arrears":"0.00","Int Arrears":"0.00","Bond Factor":"1.00","Index":"0.00"},{"Month":"3","Date":"2019-04-15","End Balance":"0.00","Interest":"25,431,684.58","Principal":"0.00","Total Payment":"25,431,684.58","Losses":"35,700,000.00","Coupon":"0.00","Due Interest":"0.00","Deferred Interest":"0.00","Arrears":"0.00","Int Arrears":"0.00","Bond Factor":"0.00","Index":"0.00"}]}],"Deal Flows":{"perfsummary":{"scenario_id":"10209","settles_date":"2019-03-29"},"Class A1 - 69700HAA8/US69700HAA86":[{"Period":"0","Date":"2019-01-15","End Balance":"288,905,912.26","Interest":"0.00","Principal":"0.00","Loss":"0.00","Attachment":"-","Detachment":"-","Implied Losses":"-","Implied Subordinate Amount":"-"},{"Period":"1","Date":"2019-02-15","End Balance":"288,905,912.26","Interest":"0.00","Principal":"0.00","Loss":"0.00","Attachment":"-","Detachment":"-","Implied Losses":"-","Implied Subordinate Amount":"-"},{"Period":"2","Date":"2019-03-15","End Balance":"-","Interest":"-","Principal":"-","Loss":"-","Attachment":"-","Detachment":"-","Implied Losses":"-","Implied Subordinate Amount":"-"},{"Period":"3","Date":"2019-04-15","End Balance":"0.00","Interest":"2,482,647.95","Principal":"288,905,912.26","Loss":"0.00","Attachment":"-","Detachment":"-","Implied Losses":"-","Implied Subordinate Amount":"-"},{"Period":"4","Date":"2019-05-15","End Balance":"-","Interest":"-","Principal":"-","Loss":"-","Attachment":"-","Detachment":"-","Implied Losses":"-","Implied Subordinate Amount":"-"}],"Class A2 - 69700HAC4/US69700HAC43":[{"Period":"0","Date":"2019-01-15","End Balance":"59,300,000.00","Interest":"0.00","Principal":"0.00","Loss":"0.00","Attachment":"-","Detachment":"-","Implied Losses":"-","Implied Subordinate Amount":"-"},{"Period":"1","Date":"2019-02-15","End Balance":"59,300,000.00","Interest":"0.00","Principal":"0.00","Loss":"0.00","Attachment":"-","Detachment":"-","Implied Losses":"-","Implied Subordinate Amount":"-"},{"Period":"2","Date":"2019-03-15","End Balance":"-","Interest":"-","Principal":"-","Loss":"-","Attachment":"-","Detachment":"-","Implied Losses":"-","Implied Subordinate Amount":"-"},{"Period":"3","Date":"2019-04-15","End Balance":"0.00","Interest":"568,881.21","Principal":"59,300,000.00","Loss":"0.00","Attachment":"-","Detachment":"-","Implied Losses":"-","Implied Subordinate Amount":"-"},{"Period":"4","Date":"2019-05-15","End Balance":"-","Interest":"-","Principal":"-","Loss":"-","Attachment":"-","Detachment":"-","Implied Losses":"-","Implied Subordinate Amount":"-"}],"Class B - 69700HAE0/US69700HAE09":[{"Period":"0","Date":"2019-01-15","End Balance":"33,300,000.00","Interest":"0.00","Principal":"0.00","Loss":"0.00","Attachment":"-","Detachment":"-","Implied Losses":"-","Implied Subordinate Amount":"-"},{"Period":"1","Date":"2019-02-15","End Balance":"33,300,000.00","Interest":"0.00","Principal":"0.00","Loss":"0.00","Attachment":"-","Detachment":"-","Implied Losses":"-","Implied Subordinate Amount":"-"},{"Period":"2","Date":"2019-03-15","End Balance":"-","Interest":"-","Principal":"-","Loss":"-","Attachment":"-","Detachment":"-","Implied Losses":"-","Implied Subordinate Amount":"-"},{"Period":"3","Date":"2019-04-15","End Balance":"0.00","Interest":"352,756.06","Principal":"33,300,000.00","Loss":"0.00","Attachment":"-","Detachment":"-","Implied Losses":"-","Implied Subordinate Amount":"-"},{"Period":"4","Date":"2019-05-15","End Balance":"-","Interest":"-","Principal":"-","Loss":"-","Attachment":"-","Detachment":"-","Implied Losses":"-","Implied Subordinate Amount":"-"}],"Class C - 69700HAG5/US69700HAG56":[{"Period":"0","Date":"2019-01-15","End Balance":"17,000,000.00","Interest":"0.00","Principal":"0.00","Loss":"0.00","Attachment":"-","Detachment":"-","Implied Losses":"-","Implied Subordinate Amount":"-"},{"Period":"1","Date":"2019-02-15","End Balance":"17,000,000.00","Interest":"0.00","Principal":"0.00","Loss":"0.00","Attachment":"-","Detachment":"-","Implied Losses":"-","Implied Subordinate Amount":"-"},{"Period":"2","Date":"2019-03-15","End Balance":"-","Interest":"-","Principal":"-","Loss":"-","Attachment":"-","Detachment":"-","Implied Losses":"-","Implied Subordinate Amount":"-"},{"Period":"3","Date":"2019-04-15","End Balance":"0.00","Interest":"201,335.68","Principal":"17,000,000.00","Loss":"0.00","Attachment":"-","Detachment":"-","Implied Losses":"-","Implied Subordinate Amount":"-"},{"Period":"4","Date":"2019-05-15","End Balance":"-","Interest":"-","Principal":"-","Loss":"-","Attachment":"-","Detachment":"-","Implied Losses":"-","Implied Subordinate Amount":"-"}],"Class D - 69700JAA4/US69700JAA43":[{"Period":"0","Date":"2019-01-15","End Balance":"17,200,000.00","Interest":"0.00","Principal":"0.00","Loss":"0.00","Attachment":"-","Detachment":"-","Implied Losses":"-","Implied Subordinate Amount":"-"},{"Period":"1","Date":"2019-02-15","End Balance":"17,200,000.00","Interest":"0.00","Principal":"0.00","Loss":"0.00","Attachment":"-","Detachment":"-","Implied Losses":"-","Implied Subordinate Amount":"-"},{"Period":"2","Date":"2019-03-15","End Balance":"-","Interest":"-","Principal":"-","Loss":"-","Attachment":"-","Detachment":"-","Implied Losses":"-","Implied Subordinate Amount":"-"},{"Period":"3","Date":"2019-04-15","End Balance":"0.00","Interest":"289,704.33","Principal":"17,200,000.00","Loss":"0.00","Attachment":"-","Detachment":"-","Implied Losses":"-","Implied Subordinate Amount":"-"},{"Period":"4","Date":"2019-05-15","End Balance":"-","Interest":"-","Principal":"-","Loss":"-","Attachment":"-","Detachment":"-","Implied Losses":"-","Implied Subordinate Amount":"-"}],"Class E - 69700JAC0/US69700JAC09":[{"Period":"0","Date":"2019-01-15","End Balance":"5,000,000.00","Interest":"0.00","Principal":"0.00","Loss":"0.00","Attachment":"-","Detachment":"-","Implied Losses":"-","Implied Subordinate Amount":"-"},{"Period":"1","Date":"2019-02-15","End Balance":"5,000,000.00","Interest":"0.00","Principal":"0.00","Loss":"0.00","Attachment":"-","Detachment":"-","Implied Losses":"-","Implied Subordinate Amount":"-"},{"Period":"2","Date":"2019-03-15","End Balance":"-","Interest":"-","Principal":"-","Loss":"-","Attachment":"-","Detachment":"-","Implied Losses":"-","Implied Subordinate Amount":"-"},{"Period":"3","Date":"2019-04-15","End Balance":"0.00","Interest":"109,841.38","Principal":"5,000,000.00","Loss":"0.00","Attachment":"-","Detachment":"-","Implied Losses":"-","Implied Subordinate Amount":"-"},{"Period":"4","Date":"2019-05-15","End Balance":"-","Interest":"-","Principal":"-","Loss":"-","Attachment":"-","Detachment":"-","Implied Losses":"-","Implied Subordinate Amount":"-"}],"Class PS - 69700JAE6/US69700JAE64":[{"Period":"0","Date":"2019-01-15","End Balance":"35,700,000.00","Interest":"0.00","Principal":"0.00","Loss":"0.00","Attachment":"-","Detachment":"-","Implied Losses":"-","Implied Subordinate Amount":"-"},{"Period":"1","Date":"2019-02-15","End Balance":"35,700,000.00","Interest":"0.00","Principal":"0.00","Loss":"0.00","Attachment":"-","Detachment":"-","Implied Losses":"-","Implied Subordinate Amount":"-"},{"Period":"2","Date":"2019-03-15","End Balance":"-","Interest":"-","Principal":"-","Loss":"-","Attachment":"-","Detachment":"-","Implied Losses":"-","Implied Subordinate Amount":"-"},{"Period":"3","Date":"2019-04-15","End Balance":"0.00","Interest":"25,431,684.58","Principal":"0.00","Loss":"35,700,000.00","Attachment":"-","Detachment":"-","Implied Losses":"-","Implied Subordinate Amount":"-"},{"Period":"4","Date":"2019-05-15","End Balance":"-","Interest":"-","Principal":"-","Loss":"-","Attachment":"-","Detachment":"-","Implied Losses":"-","Implied Subordinate Amount":"-"}]},"Collateral Flows":{"perfsummary":{"scenario_id":"10209","settles_date":"2019-03-29"},"cashflows":[{"Month":"0","Date":"2019-01-15","End Balance":"437,955,270.90","Interest":"0.00","Scheduled Principal":"0.00","Unscheduled Principal":"0.00","Principal Payment":"0.00","Defaulted Balance":"0.00","Unrecovered Losses":"0.00","Recovered Principal":"0.00","Performing Balance":"437,955,270.90","Reinvestments Bought":"0.00","Balance of Reinvestments":"0.00","Interest of Reinvestments":"0.00","Defaulted of Reinvestments":"0.00","Loss of Reinvestments":"0.00","Recovery of Reinvestments":"0.00","Scheduled Principal of Reinvestments":"0.00","Total Principal of Reinvestments":"0.00","Unscheduled Principal of Reinvestments":"0.00","Short Term Reinvestment Income":"0.00"},{"Month":"1","Date":"2019-02-15","End Balance":"437,955,270.90","Interest":"0.00","Scheduled Principal":"0.00","Unscheduled Principal":"0.00","Principal Payment":"0.00","Defaulted Balance":"0.00","Unrecovered Losses":"0.00","Recovered Principal":"0.00","Performing Balance":"437,955,270.90","Reinvestments Bought":"0.00","Balance of Reinvestments":"0.00","Interest of Reinvestments":"0.00","Defaulted of Reinvestments":"0.00","Loss of Reinvestments":"0.00","Recovery of Reinvestments":"0.00","Scheduled Principal of Reinvestments":"0.00","Total Principal of Reinvestments":"0.00","Unscheduled Principal of Reinvestments":"0.00","Short Term Reinvestment Income":"0.00"},{"Month":"2","Date":"2019-03-15","End Balance":"437,955,270.90","Interest":"3,416,689.98","Scheduled Principal":"12,838,572.65","Unscheduled Principal":"0.00","Principal Payment":"12,838,572.65","Defaulted Balance":"0.00","Unrecovered Losses":"0.00","Recovered Principal":"0.00","Performing Balance":"437,955,270.90","Reinvestments Bought":"0.00","Balance of Reinvestments":"0.00","Interest of Reinvestments":"0.00","Defaulted of Reinvestments":"0.00","Loss of Reinvestments":"0.00","Recovery of Reinvestments":"0.00","Scheduled Principal of Reinvestments":"0.00","Total Principal of Reinvestments":"0.00","Unscheduled Principal of Reinvestments":"0.00","Short Term Reinvestment Income":"5,717.50"},{"Month":"3","Date":"2019-04-15","End Balance":"0.00","Interest":"3,478,036.68","Scheduled Principal":"430,461,704.25","Unscheduled Principal":"0.00","Principal Payment":"430,461,704.25","Defaulted Balance":"0.00","Unrecovered Losses":"7,493,566.65","Recovered Principal":"0.00","Performing Balance":"0.00","Reinvestments Bought":"0.00","Balance of Reinvestments":"0.00","Interest of Reinvestments":"0.00","Defaulted of Reinvestments":"0.00","Loss of Reinvestments":"0.00","Recovery of Reinvestments":"0.00","Scheduled Principal of Reinvestments":"0.00","Total Principal of Reinvestments":"0.00","Unscheduled Principal of Reinvestments":"0.00","Short Term Reinvestment Income":"178,130.72"}]},"Fees":{"perfsummary":{"scenario_id":"10209","settles_date":"2019-03-29"},"cashflows":[{"Month":"0","Date":"2019-01-15","Admin Exp-Paid":"0.00","Sr Mgmt Fees - Paid":"0.00","Sub Mgmt Fees - Paid":"0.00","Incentive Mgmt Fees - Paid":"0.00","Total Fees - Paid":"0.00","Admin Exp - Deferred":"0.00","Sr Mgmt Fees - Deferred":"0.00","Sub Mgmt Fees - Deferred":"0.00","Incentive Mgmt Fees - Deferred":"0.00","Trustee Fee - Paid":"0.00","Trustee Fee - Deferred":"0.00"},{"Month":"1","Date":"2019-02-15","Admin Exp-Paid":"0.00","Sr Mgmt Fees - Paid":"0.00","Sub Mgmt Fees - Paid":"0.00","Incentive Mgmt Fees - Paid":"-","Total Fees - Paid":"0.00","Admin Exp - Deferred":"-","Sr Mgmt Fees - Deferred":"-","Sub Mgmt Fees - Deferred":"-","Incentive Mgmt Fees - Deferred":"-","Trustee Fee - Paid":"0.00","Trustee Fee - Deferred":"0.00"},{"Month":"2","Date":"2019-03-15","Admin Exp-Paid":"0.00","Sr Mgmt Fees - Paid":"0.00","Sub Mgmt Fees - Paid":"0.00","Incentive Mgmt Fees - Paid":"-","Total Fees - Paid":"0.00","Admin Exp - Deferred":"-","Sr Mgmt Fees - Deferred":"-","Sub Mgmt Fees - Deferred":"-","Incentive Mgmt Fees - Deferred":"-","Trustee Fee - Paid":"0.00","Trustee Fee - Deferred":"0.00"},{"Month":"3","Date":"2019-04-15","Admin Exp-Paid":"566.67","Sr Mgmt Fees - Paid":"118,357.58","Sub Mgmt Fees - Paid":"94,686.07","Incentive Mgmt Fees - Paid":"-","Total Fees - Paid":"236,088.35","Admin Exp - Deferred":"-","Sr Mgmt Fees - Deferred":"-","Sub Mgmt Fees - Deferred":"-","Incentive Mgmt Fees - Deferred":"-","Trustee Fee - Paid":"22,478.03","Trustee Fee - Deferred":"0.00"}]},"Tests":{"perfsummary":{"scenario_id":"10209","settles_date":"2019-03-29"},"Class A OC Test":[{"Level":"0.0000","Trigger":"0.0000","Cushion":"0.0000","Remaining Cure Amount":"0.0000","Month":"1","Date":"2019-02-15"},{"Level":"0.0000","Trigger":"0.0000","Cushion":"0.0000","Remaining Cure Amount":"0.0000","Month":"2","Date":"2019-03-15"},{"Level":"127.3100","Trigger":"115.7900","Cushion":"11.5200","Remaining Cure Amount":"0.0000","Month":"3","Date":"2019-04-15"}],"Class B OC Test":[{"Level":"0.0000","Trigger":"0.0000","Cushion":"0.0000","Remaining Cure Amount":"0.0000","Month":"1","Date":"2019-02-15"},{"Level":"0.0000","Trigger":"0.0000","Cushion":"0.0000","Remaining Cure Amount":"0.0000","Month":"2","Date":"2019-03-15"},{"Level":"116.2000","Trigger":"109.0600","Cushion":"7.1400","Remaining Cure Amount":"0.0000","Month":"3","Date":"2019-04-15"}],"Class C OC Test":[{"Level":"0.0000","Trigger":"0.0000","Cushion":"0.0000","Remaining Cure Amount":"0.0000","Month":"1","Date":"2019-02-15"},{"Level":"0.0000","Trigger":"0.0000","Cushion":"0.0000","Remaining Cure Amount":"0.0000","Month":"2","Date":"2019-03-15"},{"Level":"111.2400","Trigger":"106.1600","Cushion":"5.0800","Remaining Cure Amount":"0.0000","Month":"3","Date":"2019-04-15"}],"Class D OC Test":[{"Level":"0.0000","Trigger":"0.0000","Cushion":"0.0000","Remaining Cure Amount":"0.0000","Month":"1","Date":"2019-02-15"},{"Level":"0.0000","Trigger":"0.0000","Cushion":"0.0000","Remaining Cure Amount":"0.0000","Month":"2","Date":"2019-03-15"},{"Level":"106.6400","Trigger":"103.5300","Cushion":"3.1100","Remaining Cure Amount":"0.0000","Month":"3","Date":"2019-04-15"}],"Class A IC Test":[{"Level":"0.0000","Trigger":"0.0000","Cushion":"0.0000","Remaining Cure Amount":"0.0000","Month":"1","Date":"2019-02-15"},{"Level":"0.0000","Trigger":"0.0000","Cushion":"0.0000","Remaining Cure Amount":"0.0000","Month":"2","Date":"2019-03-15"},{"Level":"227.3300","Trigger":"120.0000","Cushion":"107.3300","Remaining Cure Amount":"0.0000","Month":"3","Date":"2019-04-15"}],"Class B IC Test":[{"Level":"0.0000","Trigger":"0.0000","Cushion":"0.0000","Remaining Cure Amount":"0.0000","Month":"1","Date":"2019-02-15"},{"Level":"0.0000","Trigger":"0.0000","Cushion":"0.0000","Remaining Cure Amount":"0.0000","Month":"2","Date":"2019-03-15"},{"Level":"203.7800","Trigger":"110.0000","Cushion":"93.7800","Remaining Cure Amount":"0.0000","Month":"3","Date":"2019-04-15"}],"Class C IC Test":[{"Level":"0.0000","Trigger":"0.0000","Cushion":"0.0000","Remaining Cure Amount":"0.0000","Month":"1","Date":"2019-02-15"},{"Level":"0.0000","Trigger":"0.0000","Cushion":"0.0000","Remaining Cure Amount":"0.0000","Month":"2","Date":"2019-03-15"},{"Level":"192.4000","Trigger":"105.0000","Cushion":"87.4000","Remaining Cure Amount":"0.0000","Month":"3","Date":"2019-04-15"}]},"Reinvestment":{"perfsummary":{"scenario_id":"10209","settles_date":"2019-03-29"},"cashflows":[{"Month":"0","Date":"2019-01-15","Balance of Reinvestments":"0.00","Reinvestments Bought":"0.00","Interest of Reinvestments":"0.00","Scheduled Principal of Reinvestments":"0.00","Unscheduled Principal of Reinvestments":"0.00","Short Term Reinvestment Income":"0.00","Total Principal of Reinvestments":"0.00","Defaulted of Reinvestments":"0.00","Loss of Reinvestments":"0.00","Recovery of Reinvestments":"0.00"},{"Month":"1","Date":"2019-02-15","Balance of Reinvestments":"0.00","Reinvestments Bought":"0.00","Interest of Reinvestments":"0.00","Scheduled Principal of Reinvestments":"0.00","Unscheduled Principal of Reinvestments":"0.00","Short Term Reinvestment Income":"0.00","Total Principal of Reinvestments":"0.00","Defaulted of Reinvestments":"0.00","Loss of Reinvestments":"0.00","Recovery of Reinvestments":"0.00"},{"Month":"2","Date":"2019-03-15","Balance of Reinvestments":"0.00","Reinvestments Bought":"0.00","Interest of Reinvestments":"0.00","Scheduled Principal of Reinvestments":"0.00","Unscheduled Principal of Reinvestments":"0.00","Short Term Reinvestment Income":"5,717.50","Total Principal of Reinvestments":"0.00","Defaulted of Reinvestments":"0.00","Loss of Reinvestments":"0.00","Recovery of Reinvestments":"0.00"},{"Month":"3","Date":"2019-04-15","Balance of Reinvestments":"0.00","Reinvestments Bought":"0.00","Interest of Reinvestments":"0.00","Scheduled Principal of Reinvestments":"0.00","Unscheduled Principal of Reinvestments":"0.00","Short Term Reinvestment Income":"178,130.72","Total Principal of Reinvestments":"0.00","Defaulted of Reinvestments":"0.00","Loss of Reinvestments":"0.00","Recovery of Reinvestments":"0.00"}]},"Accounts":{"perfsummary":{"scenario_id":"10209","settles_date":"2019-03-29"},"Expense Re":[]},"Hedges":{"perfsummary":{"scenario_id":"10209","settles_date":"2019-03-29"},"cashflows":{}},"Principal Paydown":{"perfsummary":{"scenario_id":"10209","settles_date":"2019-03-29"},"Tranches":[{"Month":"0","Date":"2019-01-15","Class A1 Balance":"288,905,912.26","Class A2 Balance":"59,300,000.00","Class B Balance":"33,300,000.00","Class C Balance":"17,000,000.00","Class D Balance":"17,200,000.00","Class E Balance":"5,000,000.00","Class PS Balance":"35,700,000.00"},{"Month":"1","Date":"2019-02-15","Class A1 Balance":"288,905,912.26","Class A2 Balance":"59,300,000.00","Class B Balance":"33,300,000.00","Class C Balance":"17,000,000.00","Class D Balance":"17,200,000.00","Class E Balance":"5,000,000.00","Class PS Balance":"35,700,000.00"},{"Month":"2","Date":"2019-03-15","Class A1 Balance":"288,905,912.26","Class A2 Balance":"59,300,000.00","Class B Balance":"33,300,000.00","Class C Balance":"17,000,000.00","Class D Balance":"17,200,000.00","Class E Balance":"5,000,000.00","Class PS Balance":"35,700,000.00"},{"Month":"3","Date":"2019-04-15","Class A1 Balance":"0.00","Class A2 Balance":"0.00","Class B Balance":"0.00","Class C Balance":"0.00","Class D Balance":"0.00","Class E Balance":"0.00","Class PS Balance":"0.00"},{"Month":"4","Date":"2019-05-15","Class A1 Balance":"-","Class A2 Balance":"-","Class B Balance":"-","Class C Balance":"-","Class D Balance":"-","Class E Balance":"-","Class PS Balance":"-"}],"Collateral":[{"Month":"0","Date":"2019-01-15","Collateral Balance":"437,955,270.90","Sched Principal":"0.00","UnSched Principal":"0.00","Total Principal":"0.00","Recoveries":"0.00","Principal Loss":"0.00"},{"Month":"1","Date":"2019-02-15","Collateral Balance":"437,955,270.90","Sched Principal":"0.00","UnSched Principal":"0.00","Total Principal":"0.00","Recoveries":"0.00","Principal Loss":"0.00"},{"Month":"2","Date":"2019-03-15","Collateral Balance":"437,955,270.90","Sched Principal":"12,838,572.65","UnSched Principal":"0.00","Total Principal":"12,838,572.65","Recoveries":"0.00","Principal Loss":"0.00"},{"Month":"3","Date":"2019-04-15","Collateral Balance":"0.00","Sched Principal":"430,461,704.25","UnSched Principal":"0.00","Total Principal":"430,461,704.25","Recoveries":"0.00","Principal Loss":"7,493,566.65"}]}}