Test Group,Sequencial,Job Name,Business Type,Run Type,SimulationPaths(Confidence/Tail/Opt/Paths),As of Date,Cmm Forecast,Cmm Version,Dscr LTV,Blended,Econ Scen,ForceSync
CMBS Sanity,N,cmbs_sanity_sim_v2_average,CMBS,simulation,95/5/10/10000,10/31/2018,Fall 2018,V2,use average,Y,MEDC Base:40/MEDC S4:35/CustomScen:25,Y
CMBS Sanity,N,cmbs_sanity_sim_v3_average,CMBS,simulation,95/5/10/10000,10/31/2018,Fall 2018,V3,use average,Y,MEDC Base:40/MEDC S4:35/CustomScen:25,Y
CMBS Sanity,N,cmbs_sanity_static_v2_average,CMBS,static,95/5/10/10000,10/31/2018,Fall 2018,V2,use average,Y,MEDC Base:40/MEDC S4:35/CustomScen:25,Y
CMBS Sanity,N,cmbs_sanity_static_v3_average,CMBS,static,95/5/10/10000,10/31/2018,Fall 2018,V3,use average,Y,MEDC Base:40/MEDC S4:35/CustomScen:25,Y
CMBS Sanity,N,cmbs_sanity_sim_v2_default,CMBS,simulation,95/5/10/10000,10/31/2018,Fall 2018,V2,default,Y,MEDC Base:40/MEDC S4:35/CustomScen:25,Y
CMBS Sanity,N,cmbs_sanity_static_v3_default,CMBS,static,95/5/10/10000,10/31/2018,Fall 2018,V3,default,Y,MEDC Base:40/MEDC S4:35/CustomScen:25,Y
CMBS Sanity,N,cmbs_sanity_static_v2_sherry,CMBS,static,95/5/10/10000,10/31/2018,Fall 2018,V2,Sherry,Y,MEDC Base:40/MEDC S4:35/CustomScen:25,Y
CMBS Sanity,N,cmbs_sanity_sim_v3_sherry,CMBS,simulation,95/5/10/10000,10/31/2018,Fall 2018,V3,Sherry,Y,MEDC Base:40/MEDC S4:35/CustomScen:25,Y
