CUSIP,DealName,CollateralType,PdMultiplier,LgdMultiplier,PdCap,LgdCap,PdFloor,LgdFloor,Day30DelinqPD,Day60DelinqPD,BookPrice,InsuranceCoverage,CorrelationMultiplier,PrepayRate,PrepayType,RecoveryRateVolatility,GlobalRecoveryCorrelation,AssetDefaultRecoveryCorrelation
55375KAL0,MSSG TRU...,CMBS,,,,,,,,,,,0,,,,,
125039AF4,CD 2017-...,CMBS - Conduit / Fusion,,1,100,,,,,,,,0,,,,,
05524HAE8,BAMLL Co...,CMBS,,,,,,,,,,,0,,,,,
94989AAT2,WELLS FA...,CMBS - Conduit / Fusion,1,,,100,,,,,,,0,,,,,
55312VAK4,ML-CFC C...,CMBS - Conduit / Fusion,,,100,,,,,,,,0,,,,,
96221TAE7,WFRBS CO...,CMBS - Conduit / Fusion,1,,100,100,,,,,,,0,,,,,
902055AN2,225 LIBE...,CMBS - Single Borrower,,,,,,,,,,,,,,,,
05526WAL7,BAMLL CO...,CMBS - Large Loan,,,,,,,,,,,,,,,,
94989AAZ8,,,,,,,,,,,,,,,,,,
94989AAK1,,,,,,,,,,,,,,,,,,
