{"Collateral Flows":{"perfsummary":{"scenario_id":"10002","settles_date":"2019-03-29"},"cashflows":[{"Month":"0","Date":"2020-03-21","End Balance":"1,000,005,518.95","Interest":"0.00","Scheduled Principal":"0.00","Unscheduled Principal":"0.00","Principal Payment":"0.00","Defaulted Balance":"0.00","Unrecovered Losses":"0.00","Recovered Principal":"0.00","Total Payment":"0.00","Performing Balance":"1,000,005,518.95","Non-Performing Balance":"0.00","30d delinq Balance":"0.00","60d delinq Balance":"0.00","90d delinq Balance":"0.00","90d+ delinq Balance":"0.00","Bankruptcy Balance":"0.00","Balance in Foreclosure":"0.00","Total Loans Current":"0.00","Amortized Default Balance":"0.00","Accrued Interest":"0.00","Advanced Interest":"0.00","Advanced Principal":"0.00","Vol PPY":"0.00","Net Yield":"0.00","WAC":"0.00","Net WAC":"0.00"},{"Month":"1","Date":"2020-04-21","End Balance":"967,298,246.57","Interest":"4,751,509.56","Scheduled Principal":"32,707,272.38","Unscheduled Principal":"0.00","Principal Payment":"32,707,272.38","Defaulted Balance":"0.00","Unrecovered Losses":"0.00","Recovered Principal":"0.00","Total Payment":"37,458,781.94","Performing Balance":"967,298,246.57","Non-Performing Balance":"0.00","30d delinq Balance":"0.00","60d delinq Balance":"0.00","90d delinq Balance":"0.00","90d+ delinq Balance":"0.00","Bankruptcy Balance":"0.00","Balance in Foreclosure":"0.00","Total Loans Current":"37,458,781.94","Amortized Default Balance":"0.00","Accrued Interest":"0.00","Advanced Interest":"0.00","Advanced Principal":"0.00","Vol PPY":"0.00","Net Yield":"-30,966.26","WAC":"5.70","Net WAC":"5.70"},{"Month":"2","Date":"2020-05-21","End Balance":"934,449,886.41","Interest":"4,595,957.37","Scheduled Principal":"32,848,360.16","Unscheduled Principal":"0.00","Principal Payment":"32,848,360.16","Defaulted Balance":"0.00","Unrecovered Losses":"0.00","Recovered Principal":"0.00","Total Payment":"37,444,317.53","Performing Balance":"934,449,886.41","Non-Performing Balance":"0.00","30d delinq Balance":"0.00","60d delinq Balance":"0.00","90d delinq Balance":"0.00","90d+ delinq Balance":"0.00","Bankruptcy Balance":"0.00","Balance in Foreclosure":"0.00","Total Loans Current":"37,444,317.53","Amortized Default Balance":"0.00","Accrued Interest":"0.00","Advanced Interest":"0.00","Advanced Principal":"0.00","Vol PPY":"0.00","Net Yield":"-371,879.94","WAC":"5.70","Net WAC":"5.70"},{"Month":"3","Date":"2020-06-21","End Balance":"901,499,546.42","Interest":"4,439,881.57","Scheduled Principal":"32,950,339.99","Unscheduled Principal":"0.00","Principal Payment":"32,950,339.99","Defaulted Balance":"0.00","Unrecovered Losses":"0.00","Recovered Principal":"0.00","Total Payment":"37,390,221.56","Performing Balance":"901,499,546.42","Non-Performing Balance":"0.00","30d delinq Balance":"0.00","60d delinq Balance":"0.00","90d delinq Balance":"0.00","90d+ delinq Balance":"0.00","Bankruptcy Balance":"0.00","Balance in Foreclosure":"0.00","Total Loans Current":"37,390,221.56","Amortized Default Balance":"0.00","Accrued Interest":"0.00","Advanced Interest":"0.00","Advanced Principal":"0.00","Vol PPY":"0.00","Net Yield":"-370,105.06","WAC":"5.70","Net WAC":"5.70"},{"Month":"4","Date":"2020-07-21","End Balance":"868,462,558.33","Interest":"4,283,324.84","Scheduled Principal":"33,036,988.09","Unscheduled Principal":"0.00","Principal Payment":"33,036,988.09","Defaulted Balance":"0.00","Unrecovered Losses":"0.00","Recovered Principal":"0.00","Total Payment":"37,320,312.93","Performing Balance":"868,462,558.33","Non-Performing Balance":"0.00","30d delinq Balance":"0.00","60d delinq Balance":"0.00","90d delinq Balance":"0.00","90d+ delinq Balance":"0.00","Bankruptcy Balance":"0.00","Balance in Foreclosure":"0.00","Total Loans Current":"37,320,312.93","Amortized Default Balance":"0.00","Accrued Interest":"0.00","Advanced Interest":"0.00","Advanced Principal":"0.00","Vol PPY":"0.00","Net Yield":"-336,409.00","WAC":"5.70","Net WAC":"5.70"},{"Month":"5","Date":"2020-08-21","End Balance":"835,351,441.89","Interest":"4,126,353.65","Scheduled Principal":"33,111,116.45","Unscheduled Principal":"0.00","Principal Payment":"33,111,116.45","Defaulted Balance":"0.00","Unrecovered Losses":"0.00","Recovered Principal":"0.00","Total Payment":"37,237,470.10","Performing Balance":"835,351,441.89","Non-Performing Balance":"0.00","30d delinq Balance":"0.00","60d delinq Balance":"0.00","90d delinq Balance":"0.00","90d+ delinq Balance":"0.00","Bankruptcy Balance":"0.00","Balance in Foreclosure":"0.00","Total Loans Current":"37,237,470.10","Amortized Default Balance":"0.00","Accrued Interest":"0.00","Advanced Interest":"0.00","Advanced Principal":"0.00","Vol PPY":"0.00","Net Yield":"-333,450.77","WAC":"5.70","Net WAC":"5.70"},{"Month":"6","Date":"2020-09-21","End Balance":"802,170,844.68","Interest":"3,969,032.80","Scheduled Principal":"33,180,597.21","Unscheduled Principal":"0.00","Principal Payment":"33,180,597.21","Defaulted Balance":"0.00","Unrecovered Losses":"0.00","Recovered Principal":"0.00","Total Payment":"37,149,630.01","Performing Balance":"802,170,844.68","Non-Performing Balance":"0.00","30d delinq Balance":"0.00","60d delinq Balance":"0.00","90d delinq Balance":"0.00","90d+ delinq Balance":"0.00","Bankruptcy Balance":"0.00","Balance in Foreclosure":"0.00","Total Loans Current":"37,149,630.01","Amortized Default Balance":"0.00","Accrued Interest":"0.00","Advanced Interest":"0.00","Advanced Principal":"0.00","Vol PPY":"0.00","Net Yield":"-315,084.69","WAC":"5.70","Net WAC":"5.70"},{"Month":"7","Date":"2020-10-21","End Balance":"768,977,498.31","Interest":"3,811,381.61","Scheduled Principal":"33,193,346.36","Unscheduled Principal":"0.00","Principal Payment":"33,193,346.36","Defaulted Balance":"0.00","Unrecovered Losses":"0.00","Recovered Principal":"0.00","Total Payment":"37,004,727.97","Performing Balance":"768,977,498.31","Non-Performing Balance":"0.00","30d delinq Balance":"0.00","60d delinq Balance":"0.00","90d delinq Balance":"0.00","90d+ delinq Balance":"0.00","Bankruptcy Balance":"0.00","Balance in Foreclosure":"0.00","Total Loans Current":"37,004,727.97","Amortized Default Balance":"0.00","Accrued Interest":"0.00","Advanced Interest":"0.00","Advanced Principal":"0.00","Vol PPY":"0.00","Net Yield":"-283,299.20","WAC":"5.70","Net WAC":"5.70"},{"Month":"8","Date":"2020-11-21","End Balance":"735,798,133.50","Interest":"3,653,666.31","Scheduled Principal":"33,179,364.81","Unscheduled Principal":"0.00","Principal Payment":"33,179,364.81","Defaulted Balance":"0.00","Unrecovered Losses":"0.00","Recovered Principal":"0.00","Total Payment":"36,833,031.12","Performing Balance":"735,798,133.50","Non-Performing Balance":"0.00","30d delinq Balance":"0.00","60d delinq Balance":"0.00","90d delinq Balance":"0.00","90d+ delinq Balance":"0.00","Bankruptcy Balance":"0.00","Balance in Foreclosure":"0.00","Total Loans Current":"36,833,031.12","Amortized Default Balance":"0.00","Accrued Interest":"0.00","Advanced Interest":"0.00","Advanced Principal":"0.00","Vol PPY":"0.00","Net Yield":"-284,513.93","WAC":"5.70","Net WAC":"5.70"},{"Month":"9","Date":"2020-12-21","End Balance":"702,717,296.79","Interest":"3,496,021.71","Scheduled Principal":"33,080,836.71","Unscheduled Principal":"0.00","Principal Payment":"33,080,836.71","Defaulted Balance":"0.00","Unrecovered Losses":"0.00","Recovered Principal":"0.00","Total Payment":"36,576,858.42","Performing Balance":"702,717,296.79","Non-Performing Balance":"0.00","30d delinq Balance":"0.00","60d delinq Balance":"0.00","90d delinq Balance":"0.00","90d+ delinq Balance":"0.00","Bankruptcy Balance":"0.00","Balance in Foreclosure":"0.00","Total Loans Current":"36,576,858.42","Amortized Default Balance":"0.00","Accrued Interest":"0.00","Advanced Interest":"0.00","Advanced Principal":"0.00","Vol PPY":"0.00","Net Yield":"-253,870.56","WAC":"5.70","Net WAC":"5.70"},{"Month":"10","Date":"2021-01-21","End Balance":"669,656,508.58","Interest":"3,338,842.18","Scheduled Principal":"33,060,788.21","Unscheduled Principal":"0.00","Principal Payment":"33,060,788.21","Defaulted Balance":"0.00","Unrecovered Losses":"0.00","Recovered Principal":"0.00","Total Payment":"36,399,630.39","Performing Balance":"669,656,508.58","Non-Performing Balance":"0.00","30d delinq Balance":"0.00","60d delinq Balance":"0.00","90d delinq Balance":"0.00","90d+ delinq Balance":"0.00","Bankruptcy Balance":"0.00","Balance in Foreclosure":"0.00","Total Loans Current":"36,399,630.39","Amortized Default Balance":"0.00","Accrued Interest":"0.00","Advanced Interest":"0.00","Advanced Principal":"0.00","Vol PPY":"0.00","Net Yield":"-248,230.85","WAC":"5.70","Net WAC":"5.70"},{"Month":"11","Date":"2021-02-21","End Balance":"636,560,003.42","Interest":"3,181,762.18","Scheduled Principal":"33,096,505.16","Unscheduled Principal":"0.00","Principal Payment":"33,096,505.16","Defaulted Balance":"0.00","Unrecovered Losses":"0.00","Recovered Principal":"0.00","Total Payment":"36,278,267.34","Performing Balance":"636,560,003.42","Non-Performing Balance":"0.00","30d delinq Balance":"0.00","60d delinq Balance":"0.00","90d delinq Balance":"0.00","90d+ delinq Balance":"0.00","Bankruptcy Balance":"0.00","Balance in Foreclosure":"0.00","Total Loans Current":"36,278,267.34","Amortized Default Balance":"0.00","Accrued Interest":"0.00","Advanced Interest":"0.00","Advanced Principal":"0.00","Vol PPY":"0.00","Net Yield":"-229,752.19","WAC":"5.70","Net WAC":"5.70"},{"Month":"12","Date":"2021-03-21","End Balance":"603,618,572.53","Interest":"3,024,509.29","Scheduled Principal":"32,941,430.89","Unscheduled Principal":"0.00","Principal Payment":"32,941,430.89","Defaulted Balance":"0.00","Unrecovered Losses":"0.00","Recovered Principal":"0.00","Total Payment":"35,965,940.18","Performing Balance":"603,618,572.53","Non-Performing Balance":"0.00","30d delinq Balance":"0.00","60d delinq Balance":"0.00","90d delinq Balance":"0.00","90d+ delinq Balance":"0.00","Bankruptcy Balance":"0.00","Balance in Foreclosure":"0.00","Total Loans Current":"35,965,940.18","Amortized Default Balance":"0.00","Accrued Interest":"0.00","Advanced Interest":"0.00","Advanced Principal":"0.00","Vol PPY":"0.00","Net Yield":"-179,403.33","WAC":"5.70","Net WAC":"5.70"},{"Month":"13","Date":"2021-04-21","End Balance":"571,019,866.60","Interest":"2,867,993.50","Scheduled Principal":"32,598,705.93","Unscheduled Principal":"0.00","Principal Payment":"32,598,705.93","Defaulted Balance":"0.00","Unrecovered Losses":"0.00","Recovered Principal":"0.00","Total Payment":"35,466,699.43","Performing Balance":"571,019,866.60","Non-Performing Balance":"0.00","30d delinq Balance":"0.00","60d delinq Balance":"0.00","90d delinq Balance":"0.00","90d+ delinq Balance":"0.00","Bankruptcy Balance":"0.00","Balance in Foreclosure":"0.00","Total Loans Current":"35,466,699.43","Amortized Default Balance":"0.00","Accrued Interest":"0.00","Advanced Interest":"0.00","Advanced Principal":"0.00","Vol PPY":"0.00","Net Yield":"-194,928.40","WAC":"5.70","Net WAC":"5.70"},{"Month":"14","Date":"2021-05-21","End Balance":"538,772,409.52","Interest":"2,713,104.82","Scheduled Principal":"32,247,457.08","Unscheduled Principal":"0.00","Principal Payment":"32,247,457.08","Defaulted Balance":"0.00","Unrecovered Losses":"0.00","Recovered Principal":"0.00","Total Payment":"34,960,561.90","Performing Balance":"538,772,409.52","Non-Performing Balance":"0.00","30d delinq Balance":"0.00","60d delinq Balance":"0.00","90d delinq Balance":"0.00","90d+ delinq Balance":"0.00","Bankruptcy Balance":"0.00","Balance in Foreclosure":"0.00","Total Loans Current":"34,960,561.90","Amortized Default Balance":"0.00","Accrued Interest":"0.00","Advanced Interest":"0.00","Advanced Principal":"0.00","Vol PPY":"0.00","Net Yield":"-168,454.26","WAC":"5.70","Net WAC":"5.70"},{"Month":"15","Date":"2021-06-21","End Balance":"506,894,147.56","Interest":"2,559,888.79","Scheduled Principal":"31,878,261.96","Unscheduled Principal":"0.00","Principal Payment":"31,878,261.96","Defaulted Balance":"0.00","Unrecovered Losses":"0.00","Recovered Principal":"0.00","Total Payment":"34,438,150.75","Performing Balance":"506,894,147.56","Non-Performing Balance":"0.00","30d delinq Balance":"0.00","60d delinq Balance":"0.00","90d delinq Balance":"0.00","90d+ delinq Balance":"0.00","Bankruptcy Balance":"0.00","Balance in Foreclosure":"0.00","Total Loans Current":"34,438,150.75","Amortized Default Balance":"0.00","Accrued Interest":"0.00","Advanced Interest":"0.00","Advanced Principal":"0.00","Vol PPY":"0.00","Net Yield":"-161,573.67","WAC":"5.70","Net WAC":"5.70"},{"Month":"16","Date":"2021-07-21","End Balance":"475,324,287.37","Interest":"2,408,423.78","Scheduled Principal":"31,569,860.19","Unscheduled Principal":"0.00","Principal Payment":"31,569,860.19","Defaulted Balance":"0.00","Unrecovered Losses":"0.00","Recovered Principal":"0.00","Total Payment":"33,978,283.97","Performing Balance":"475,324,287.37","Non-Performing Balance":"0.00","30d delinq Balance":"0.00","60d delinq Balance":"0.00","90d delinq Balance":"0.00","90d+ delinq Balance":"0.00","Bankruptcy Balance":"0.00","Balance in Foreclosure":"0.00","Total Loans Current":"33,978,283.97","Amortized Default Balance":"0.00","Accrued Interest":"0.00","Advanced Interest":"0.00","Advanced Principal":"0.00","Vol PPY":"0.00","Net Yield":"-136,467.74","WAC":"5.70","Net WAC":"5.70"},{"Month":"17","Date":"2021-08-21","End Balance":"444,155,124.16","Interest":"2,258,423.14","Scheduled Principal":"31,169,163.21","Unscheduled Principal":"0.00","Principal Payment":"31,169,163.21","Defaulted Balance":"0.00","Unrecovered Losses":"0.00","Recovered Principal":"0.00","Total Payment":"33,427,586.35","Performing Balance":"444,155,124.16","Non-Performing Balance":"0.00","30d delinq Balance":"0.00","60d delinq Balance":"0.00","90d delinq Balance":"0.00","90d+ delinq Balance":"0.00","Bankruptcy Balance":"0.00","Balance in Foreclosure":"0.00","Total Loans Current":"33,427,586.35","Amortized Default Balance":"0.00","Accrued Interest":"0.00","Advanced Interest":"0.00","Advanced Principal":"0.00","Vol PPY":"0.00","Net Yield":"-128,913.01","WAC":"5.70","Net WAC":"5.70"},{"Month":"18","Date":"2021-09-21","End Balance":"413,274,498.91","Interest":"2,110,329.19","Scheduled Principal":"30,880,625.25","Unscheduled Principal":"0.00","Principal Payment":"30,880,625.25","Defaulted Balance":"0.00","Unrecovered Losses":"0.00","Recovered Principal":"0.00","Total Payment":"32,990,954.44","Performing Balance":"413,274,498.91","Non-Performing Balance":"0.00","30d delinq Balance":"0.00","60d delinq Balance":"0.00","90d delinq Balance":"0.00","90d+ delinq Balance":"0.00","Bankruptcy Balance":"0.00","Balance in Foreclosure":"0.00","Total Loans Current":"32,990,954.44","Amortized Default Balance":"0.00","Accrued Interest":"0.00","Advanced Interest":"0.00","Advanced Principal":"0.00","Vol PPY":"0.00","Net Yield":"-112,949.77","WAC":"5.70","Net WAC":"5.70"},{"Month":"19","Date":"2021-10-21","End Balance":"382,835,528.79","Interest":"1,963,605.63","Scheduled Principal":"30,438,970.12","Unscheduled Principal":"0.00","Principal Payment":"30,438,970.12","Defaulted Balance":"0.00","Unrecovered Losses":"0.00","Recovered Principal":"0.00","Total Payment":"32,402,575.75","Performing Balance":"382,835,528.79","Non-Performing Balance":"0.00","30d delinq Balance":"0.00","60d delinq Balance":"0.00","90d delinq Balance":"0.00","90d+ delinq Balance":"0.00","Bankruptcy Balance":"0.00","Balance in Foreclosure":"0.00","Total Loans Current":"32,402,575.75","Amortized Default Balance":"0.00","Accrued Interest":"0.00","Advanced Interest":"0.00","Advanced Principal":"0.00","Vol PPY":"0.00","Net Yield":"-92,559.87","WAC":"5.70","Net WAC":"5.70"},{"Month":"20","Date":"2021-11-21","End Balance":"353,087,079.85","Interest":"1,818,979.15","Scheduled Principal":"29,748,448.94","Unscheduled Principal":"0.00","Principal Payment":"29,748,448.94","Defaulted Balance":"0.00","Unrecovered Losses":"0.00","Recovered Principal":"0.00","Total Payment":"31,567,428.09","Performing Balance":"353,087,079.85","Non-Performing Balance":"0.00","30d delinq Balance":"0.00","60d delinq Balance":"0.00","90d delinq Balance":"0.00","90d+ delinq Balance":"0.00","Bankruptcy Balance":"0.00","Balance in Foreclosure":"0.00","Total Loans Current":"31,567,428.08","Amortized Default Balance":"0.00","Accrued Interest":"0.00","Advanced Interest":"0.00","Advanced Principal":"0.00","Vol PPY":"0.00","Net Yield":"-86,657.42","WAC":"5.70","Net WAC":"5.70"},{"Month":"21","Date":"2021-12-21","End Balance":"324,239,352.79","Interest":"1,677,632.21","Scheduled Principal":"28,847,727.06","Unscheduled Principal":"0.00","Principal Payment":"28,847,727.06","Defaulted Balance":"0.00","Unrecovered Losses":"0.00","Recovered Principal":"0.00","Total Payment":"30,525,359.27","Performing Balance":"324,239,352.79","Non-Performing Balance":"0.00","30d delinq Balance":"0.00","60d delinq Balance":"0.00","90d delinq Balance":"0.00","90d+ delinq Balance":"0.00","Bankruptcy Balance":"0.00","Balance in Foreclosure":"0.00","Total Loans Current":"30,525,359.26","Amortized Default Balance":"0.00","Accrued Interest":"0.00","Advanced Interest":"0.00","Advanced Principal":"0.00","Vol PPY":"0.00","Net Yield":"-68,680.76","WAC":"5.70","Net WAC":"5.70"},{"Month":"22","Date":"2022-01-21","End Balance":"296,122,148.02","Interest":"1,540,569.30","Scheduled Principal":"28,117,204.77","Unscheduled Principal":"0.00","Principal Payment":"28,117,204.77","Defaulted Balance":"0.00","Unrecovered Losses":"0.00","Recovered Principal":"0.00","Total Payment":"29,657,774.07","Performing Balance":"296,122,148.02","Non-Performing Balance":"0.00","30d delinq Balance":"0.00","60d delinq Balance":"0.00","90d delinq Balance":"0.00","90d+ delinq Balance":"0.00","Bankruptcy Balance":"0.00","Balance in Foreclosure":"0.00","Total Loans Current":"29,657,774.07","Amortized Default Balance":"0.00","Accrued Interest":"0.00","Advanced Interest":"0.00","Advanced Principal":"0.00","Vol PPY":"0.00","Net Yield":"-62,365.45","WAC":"5.70","Net WAC":"5.70"},{"Month":"23","Date":"2022-02-21","End Balance":"268,276,093.94","Interest":"1,406,975.28","Scheduled Principal":"27,846,054.08","Unscheduled Principal":"0.00","Principal Payment":"27,846,054.08","Defaulted Balance":"0.00","Unrecovered Losses":"0.00","Recovered Principal":"0.00","Total Payment":"29,253,029.36","Performing Balance":"268,276,093.94","Non-Performing Balance":"0.00","30d delinq Balance":"0.00","60d delinq Balance":"0.00","90d delinq Balance":"0.00","90d+ delinq Balance":"0.00","Bankruptcy Balance":"0.00","Balance in Foreclosure":"0.00","Total Loans Current":"29,253,029.36","Amortized Default Balance":"0.00","Accrued Interest":"0.00","Advanced Interest":"0.00","Advanced Principal":"0.00","Vol PPY":"0.00","Net Yield":"-48,780.78","WAC":"5.70","Net WAC":"5.70"},{"Month":"24","Date":"2022-03-21","End Balance":"241,514,147.35","Interest":"1,274,668.79","Scheduled Principal":"26,761,946.60","Unscheduled Principal":"0.00","Principal Payment":"26,761,946.60","Defaulted Balance":"0.00","Unrecovered Losses":"0.00","Recovered Principal":"0.00","Total Payment":"28,036,615.39","Performing Balance":"241,514,147.35","Non-Performing Balance":"0.00","30d delinq Balance":"0.00","60d delinq Balance":"0.00","90d delinq Balance":"0.00","90d+ delinq Balance":"0.00","Bankruptcy Balance":"0.00","Balance in Foreclosure":"0.00","Total Loans Current":"28,036,615.39","Amortized Default Balance":"0.00","Accrued Interest":"0.00","Advanced Interest":"0.00","Advanced Principal":"0.00","Vol PPY":"0.00","Net Yield":"-24,903.56","WAC":"5.70","Net WAC":"5.70"},{"Month":"25","Date":"2022-04-21","End Balance":"216,240,757.21","Interest":"1,147,514.34","Scheduled Principal":"25,273,390.14","Unscheduled Principal":"0.00","Principal Payment":"25,273,390.14","Defaulted Balance":"0.00","Unrecovered Losses":"0.00","Recovered Principal":"0.00","Total Payment":"26,420,904.48","Performing Balance":"216,240,757.21","Non-Performing Balance":"0.00","30d delinq Balance":"0.00","60d delinq Balance":"0.00","90d delinq Balance":"0.00","90d+ delinq Balance":"0.00","Bankruptcy Balance":"0.00","Balance in Foreclosure":"0.00","Total Loans Current":"26,420,904.48","Amortized Default Balance":"0.00","Accrued Interest":"0.00","Advanced Interest":"0.00","Advanced Principal":"0.00","Vol PPY":"0.00","Net Yield":"-30,099.12","WAC":"5.70","Net WAC":"5.70"},{"Month":"26","Date":"2022-05-21","End Balance":"192,413,601.28","Interest":"1,027,433.38","Scheduled Principal":"23,827,155.93","Unscheduled Principal":"0.00","Principal Payment":"23,827,155.93","Defaulted Balance":"0.00","Unrecovered Losses":"0.00","Recovered Principal":"0.00","Total Payment":"24,854,589.31","Performing Balance":"192,413,601.28","Non-Performing Balance":"0.00","30d delinq Balance":"0.00","60d delinq Balance":"0.00","90d delinq Balance":"0.00","90d+ delinq Balance":"0.00","Bankruptcy Balance":"0.00","Balance in Foreclosure":"0.00","Total Loans Current":"24,854,589.31","Amortized Default Balance":"0.00","Accrued Interest":"0.00","Advanced Interest":"0.00","Advanced Principal":"0.00","Vol PPY":"0.00","Net Yield":"-18,788.17","WAC":"5.70","Net WAC":"5.70"},{"Month":"27","Date":"2022-06-21","End Balance":"170,066,761.33","Interest":"914,221.37","Scheduled Principal":"22,346,839.94","Unscheduled Principal":"0.00","Principal Payment":"22,346,839.94","Defaulted Balance":"0.00","Unrecovered Losses":"0.00","Recovered Principal":"0.00","Total Payment":"23,261,061.31","Performing Balance":"170,066,761.33","Non-Performing Balance":"0.00","30d delinq Balance":"0.00","60d delinq Balance":"0.00","90d delinq Balance":"0.00","90d+ delinq Balance":"0.00","Bankruptcy Balance":"0.00","Balance in Foreclosure":"0.00","Total Loans Current":"23,261,061.31","Amortized Default Balance":"0.00","Accrued Interest":"0.00","Advanced Interest":"0.00","Advanced Principal":"0.00","Vol PPY":"0.00","Net Yield":"-15,610.27","WAC":"5.70","Net WAC":"5.70"},{"Month":"28","Date":"2022-07-21","End Balance":"148,901,746.79","Interest":"808,044.50","Scheduled Principal":"21,165,014.55","Unscheduled Principal":"0.00","Principal Payment":"21,165,014.55","Defaulted Balance":"0.00","Unrecovered Losses":"0.00","Recovered Principal":"0.00","Total Payment":"21,973,059.05","Performing Balance":"148,901,746.79","Non-Performing Balance":"0.00","30d delinq Balance":"0.00","60d delinq Balance":"0.00","90d delinq Balance":"0.00","90d+ delinq Balance":"0.00","Bankruptcy Balance":"0.00","Balance in Foreclosure":"0.00","Total Loans Current":"21,973,059.04","Amortized Default Balance":"0.00","Accrued Interest":"0.00","Advanced Interest":"0.00","Advanced Principal":"0.00","Vol PPY":"0.00","Net Yield":"-5,598.45","WAC":"5.70","Net WAC":"5.70"},{"Month":"29","Date":"2022-08-21","End Balance":"129,299,472.16","Interest":"707,482.50","Scheduled Principal":"19,602,274.62","Unscheduled Principal":"0.00","Principal Payment":"19,602,274.62","Defaulted Balance":"0.00","Unrecovered Losses":"0.00","Recovered Principal":"0.00","Total Payment":"20,309,757.12","Performing Balance":"129,299,472.16","Non-Performing Balance":"0.00","30d delinq Balance":"0.00","60d delinq Balance":"0.00","90d delinq Balance":"0.00","90d+ delinq Balance":"0.00","Bankruptcy Balance":"0.00","Balance in Foreclosure":"0.00","Total Loans Current":"20,309,757.13","Amortized Default Balance":"0.00","Accrued Interest":"0.00","Advanced Interest":"0.00","Advanced Principal":"0.00","Vol PPY":"0.00","Net Yield":"-3,337.99","WAC":"5.70","Net WAC":"5.70"},{"Month":"30","Date":"2022-09-21","End Balance":"110,916,909.88","Interest":"614,344.23","Scheduled Principal":"18,382,562.28","Unscheduled Principal":"0.00","Principal Payment":"18,382,562.28","Defaulted Balance":"0.00","Unrecovered Losses":"0.00","Recovered Principal":"0.00","Total Payment":"18,996,906.51","Performing Balance":"110,916,909.88","Non-Performing Balance":"0.00","30d delinq Balance":"0.00","60d delinq Balance":"0.00","90d delinq Balance":"0.00","90d+ delinq Balance":"0.00","Bankruptcy Balance":"0.00","Balance in Foreclosure":"0.00","Total Loans Current":"18,996,906.52","Amortized Default Balance":"0.00","Accrued Interest":"0.00","Advanced Interest":"0.00","Advanced Principal":"0.00","Vol PPY":"0.00","Net Yield":"2,252.19","WAC":"5.70","Net WAC":"5.70"},{"Month":"31","Date":"2022-10-21","End Balance":"94,388,319.36","Interest":"527,003.84","Scheduled Principal":"16,528,590.52","Unscheduled Principal":"0.00","Principal Payment":"16,528,590.52","Defaulted Balance":"0.00","Unrecovered Losses":"0.00","Recovered Principal":"0.00","Total Payment":"17,055,594.36","Performing Balance":"94,388,319.36","Non-Performing Balance":"0.00","30d delinq Balance":"0.00","60d delinq Balance":"0.00","90d delinq Balance":"0.00","90d+ delinq Balance":"0.00","Bankruptcy Balance":"0.00","Balance in Foreclosure":"0.00","Total Loans Current":"17,055,594.36","Amortized Default Balance":"0.00","Accrued Interest":"0.00","Advanced Interest":"0.00","Advanced Principal":"0.00","Vol PPY":"0.00","Net Yield":"6,682.94","WAC":"5.70","Net WAC":"5.70"},{"Month":"32","Date":"2022-11-21","End Balance":"80,601,891.81","Interest":"448,471.68","Scheduled Principal":"13,786,427.56","Unscheduled Principal":"0.00","Principal Payment":"13,786,427.56","Defaulted Balance":"0.00","Unrecovered Losses":"0.00","Recovered Principal":"0.00","Total Payment":"14,234,899.24","Performing Balance":"80,601,891.81","Non-Performing Balance":"0.00","30d delinq Balance":"0.00","60d delinq Balance":"0.00","90d delinq Balance":"0.00","90d+ delinq Balance":"0.00","Bankruptcy Balance":"0.00","Balance in Foreclosure":"0.00","Total Loans Current":"14,234,899.24","Amortized Default Balance":"0.00","Accrued Interest":"0.00","Advanced Interest":"0.00","Advanced Principal":"0.00","Vol PPY":"0.00","Net Yield":"3,086.79","WAC":"5.70","Net WAC":"5.70"},{"Month":"33","Date":"2022-12-21","End Balance":"69,828,797.07","Interest":"382,966.90","Scheduled Principal":"10,773,094.74","Unscheduled Principal":"0.00","Principal Payment":"10,773,094.74","Defaulted Balance":"0.00","Unrecovered Losses":"0.00","Recovered Principal":"0.00","Total Payment":"11,156,061.64","Performing Balance":"69,828,797.07","Non-Performing Balance":"0.00","30d delinq Balance":"0.00","60d delinq Balance":"0.00","90d delinq Balance":"0.00","90d+ delinq Balance":"0.00","Bankruptcy Balance":"0.00","Balance in Foreclosure":"0.00","Total Loans Current":"11,156,061.63","Amortized Default Balance":"0.00","Accrued Interest":"0.00","Advanced Interest":"0.00","Advanced Principal":"0.00","Vol PPY":"0.00","Net Yield":"801.81","WAC":"5.70","Net WAC":"5.70"},{"Month":"34","Date":"2023-01-21","End Balance":"61,402,608.53","Interest":"331,779.82","Scheduled Principal":"8,426,188.54","Unscheduled Principal":"0.00","Principal Payment":"8,426,188.54","Defaulted Balance":"0.00","Unrecovered Losses":"0.00","Recovered Principal":"0.00","Total Payment":"8,757,968.36","Performing Balance":"61,402,608.53","Non-Performing Balance":"0.00","30d delinq Balance":"0.00","60d delinq Balance":"0.00","90d delinq Balance":"0.00","90d+ delinq Balance":"0.00","Bankruptcy Balance":"0.00","Balance in Foreclosure":"0.00","Total Loans Current":"8,757,968.36","Amortized Default Balance":"0.00","Accrued Interest":"0.00","Advanced Interest":"0.00","Advanced Principal":"0.00","Vol PPY":"0.00","Net Yield":"-3,333.21","WAC":"5.70","Net WAC":"5.70"},{"Month":"35","Date":"2023-02-21","End Balance":"53,101,684.24","Interest":"291,744.00","Scheduled Principal":"8,300,924.28","Unscheduled Principal":"0.00","Principal Payment":"8,300,924.28","Defaulted Balance":"0.00","Unrecovered Losses":"0.00","Recovered Principal":"0.00","Total Payment":"8,592,668.28","Performing Balance":"53,101,684.24","Non-Performing Balance":"0.00","30d delinq Balance":"0.00","60d delinq Balance":"0.00","90d delinq Balance":"0.00","90d+ delinq Balance":"0.00","Bankruptcy Balance":"0.00","Balance in Foreclosure":"0.00","Total Loans Current":"8,592,668.28","Amortized Default Balance":"0.00","Accrued Interest":"0.00","Advanced Interest":"0.00","Advanced Principal":"0.00","Vol PPY":"0.00","Net Yield":"915.00","WAC":"5.70","Net WAC":"5.70"},{"Month":"36","Date":"2023-03-21","End Balance":"45,311,077.15","Interest":"252,304.43","Scheduled Principal":"7,790,607.10","Unscheduled Principal":"0.00","Principal Payment":"7,790,607.10","Defaulted Balance":"0.00","Unrecovered Losses":"0.00","Recovered Principal":"0.00","Total Payment":"8,042,911.53","Performing Balance":"45,311,077.15","Non-Performing Balance":"0.00","30d delinq Balance":"0.00","60d delinq Balance":"0.00","90d delinq Balance":"0.00","90d+ delinq Balance":"0.00","Bankruptcy Balance":"0.00","Balance in Foreclosure":"0.00","Total Loans Current":"8,042,911.53","Amortized Default Balance":"0.00","Accrued Interest":"0.00","Advanced Interest":"0.00","Advanced Principal":"0.00","Vol PPY":"0.00","Net Yield":"6,159.05","WAC":"5.70","Net WAC":"5.70"},{"Month":"37","Date":"2023-04-21","End Balance":"38,154,011.07","Interest":"215,286.97","Scheduled Principal":"7,157,066.08","Unscheduled Principal":"0.00","Principal Payment":"7,157,066.08","Defaulted Balance":"0.00","Unrecovered Losses":"0.00","Recovered Principal":"0.00","Total Payment":"7,372,353.05","Performing Balance":"38,154,011.07","Non-Performing Balance":"0.00","30d delinq Balance":"0.00","60d delinq Balance":"0.00","90d delinq Balance":"0.00","90d+ delinq Balance":"0.00","Bankruptcy Balance":"0.00","Balance in Foreclosure":"0.00","Total Loans Current":"7,372,353.05","Amortized Default Balance":"0.00","Accrued Interest":"0.00","Advanced Interest":"0.00","Advanced Principal":"0.00","Vol PPY":"0.00","Net Yield":"5,631.54","WAC":"5.70","Net WAC":"5.70"},{"Month":"38","Date":"2023-05-21","End Balance":"31,638,643.67","Interest":"181,282.75","Scheduled Principal":"6,515,367.40","Unscheduled Principal":"0.00","Principal Payment":"6,515,367.40","Defaulted Balance":"0.00","Unrecovered Losses":"0.00","Recovered Principal":"0.00","Total Payment":"6,696,650.15","Performing Balance":"31,638,643.67","Non-Performing Balance":"0.00","30d delinq Balance":"0.00","60d delinq Balance":"0.00","90d delinq Balance":"0.00","90d+ delinq Balance":"0.00","Bankruptcy Balance":"0.00","Balance in Foreclosure":"0.00","Total Loans Current":"6,696,650.15","Amortized Default Balance":"0.00","Accrued Interest":"0.00","Advanced Interest":"0.00","Advanced Principal":"0.00","Vol PPY":"0.00","Net Yield":"7,800.07","WAC":"5.70","Net WAC":"5.70"},{"Month":"39","Date":"2023-06-21","End Balance":"25,788,588.40","Interest":"150,325.63","Scheduled Principal":"5,850,055.28","Unscheduled Principal":"0.00","Principal Payment":"5,850,055.28","Defaulted Balance":"0.00","Unrecovered Losses":"0.00","Recovered Principal":"0.00","Total Payment":"6,000,380.91","Performing Balance":"25,788,588.40","Non-Performing Balance":"0.00","30d delinq Balance":"0.00","60d delinq Balance":"0.00","90d delinq Balance":"0.00","90d+ delinq Balance":"0.00","Bankruptcy Balance":"0.00","Balance in Foreclosure":"0.00","Total Loans Current":"6,000,380.90","Amortized Default Balance":"0.00","Accrued Interest":"0.00","Advanced Interest":"0.00","Advanced Principal":"0.00","Vol PPY":"0.00","Net Yield":"8,385.80","WAC":"5.70","Net WAC":"5.70"},{"Month":"40","Date":"2023-07-21","End Balance":"20,400,586.68","Interest":"122,530.16","Scheduled Principal":"5,388,001.72","Unscheduled Principal":"0.00","Principal Payment":"5,388,001.72","Defaulted Balance":"0.00","Unrecovered Losses":"0.00","Recovered Principal":"0.00","Total Payment":"5,510,531.88","Performing Balance":"20,400,586.68","Non-Performing Balance":"0.00","30d delinq Balance":"0.00","60d delinq Balance":"0.00","90d delinq Balance":"0.00","90d+ delinq Balance":"0.00","Bankruptcy Balance":"0.00","Balance in Foreclosure":"0.00","Total Loans Current":"5,510,531.88","Amortized Default Balance":"0.00","Accrued Interest":"0.00","Advanced Interest":"0.00","Advanced Principal":"0.00","Vol PPY":"0.00","Net Yield":"10,278.32","WAC":"5.70","Net WAC":"5.70"},{"Month":"41","Date":"2023-08-21","End Balance":"15,589,338.47","Interest":"96,929.33","Scheduled Principal":"4,811,248.21","Unscheduled Principal":"0.00","Principal Payment":"4,811,248.21","Defaulted Balance":"0.00","Unrecovered Losses":"0.00","Recovered Principal":"0.00","Total Payment":"4,908,177.54","Performing Balance":"15,589,338.47","Non-Performing Balance":"0.00","30d delinq Balance":"0.00","60d delinq Balance":"0.00","90d delinq Balance":"0.00","90d+ delinq Balance":"0.00","Bankruptcy Balance":"0.00","Balance in Foreclosure":"0.00","Total Loans Current":"4,908,177.54","Amortized Default Balance":"0.00","Accrued Interest":"0.00","Advanced Interest":"0.00","Advanced Principal":"0.00","Vol PPY":"0.00","Net Yield":"10,793.53","WAC":"5.70","Net WAC":"5.70"},{"Month":"42","Date":"2023-09-21","End Balance":"11,290,724.11","Interest":"74,069.77","Scheduled Principal":"4,298,614.35","Unscheduled Principal":"0.00","Principal Payment":"4,298,614.35","Defaulted Balance":"0.00","Unrecovered Losses":"0.00","Recovered Principal":"0.00","Total Payment":"4,372,684.12","Performing Balance":"11,290,724.11","Non-Performing Balance":"0.00","30d delinq Balance":"0.00","60d delinq Balance":"0.00","90d delinq Balance":"0.00","90d+ delinq Balance":"0.00","Bankruptcy Balance":"0.00","Balance in Foreclosure":"0.00","Total Loans Current":"4,372,684.12","Amortized Default Balance":"0.00","Accrued Interest":"0.00","Advanced Interest":"0.00","Advanced Principal":"0.00","Vol PPY":"0.00","Net Yield":"11,574.53","WAC":"5.70","Net WAC":"5.70"},{"Month":"43","Date":"2023-10-21","End Balance":"7,668,443.99","Interest":"53,646.20","Scheduled Principal":"3,622,280.12","Unscheduled Principal":"0.00","Principal Payment":"3,622,280.12","Defaulted Balance":"0.00","Unrecovered Losses":"0.00","Recovered Principal":"0.00","Total Payment":"3,675,926.32","Performing Balance":"7,668,443.99","Non-Performing Balance":"0.00","30d delinq Balance":"0.00","60d delinq Balance":"0.00","90d delinq Balance":"0.00","90d+ delinq Balance":"0.00","Bankruptcy Balance":"0.00","Balance in Foreclosure":"0.00","Total Loans Current":"3,675,926.32","Amortized Default Balance":"0.00","Accrued Interest":"0.00","Advanced Interest":"0.00","Advanced Principal":"0.00","Vol PPY":"0.00","Net Yield":"11,671.02","WAC":"5.70","Net WAC":"5.70"},{"Month":"44","Date":"2023-11-21","End Balance":"5,046,251.31","Interest":"36,435.43","Scheduled Principal":"2,622,192.68","Unscheduled Principal":"0.00","Principal Payment":"2,622,192.68","Defaulted Balance":"0.00","Unrecovered Losses":"0.00","Recovered Principal":"0.00","Total Payment":"2,658,628.11","Performing Balance":"5,046,251.31","Non-Performing Balance":"0.00","30d delinq Balance":"0.00","60d delinq Balance":"0.00","90d delinq Balance":"0.00","90d+ delinq Balance":"0.00","Bankruptcy Balance":"0.00","Balance in Foreclosure":"0.00","Total Loans Current":"2,658,628.11","Amortized Default Balance":"0.00","Accrued Interest":"0.00","Advanced Interest":"0.00","Advanced Principal":"0.00","Vol PPY":"0.00","Net Yield":"10,728.15","WAC":"5.70","Net WAC":"5.70"},{"Month":"45","Date":"2023-12-21","End Balance":"3,598,831.36","Interest":"23,976.17","Scheduled Principal":"1,447,419.95","Unscheduled Principal":"0.00","Principal Payment":"1,447,419.95","Defaulted Balance":"0.00","Unrecovered Losses":"0.00","Recovered Principal":"0.00","Total Payment":"1,471,396.12","Performing Balance":"3,598,831.36","Non-Performing Balance":"0.00","30d delinq Balance":"0.00","60d delinq Balance":"0.00","90d delinq Balance":"0.00","90d+ delinq Balance":"0.00","Bankruptcy Balance":"0.00","Balance in Foreclosure":"0.00","Total Loans Current":"1,471,396.12","Amortized Default Balance":"0.00","Accrued Interest":"0.00","Advanced Interest":"0.00","Advanced Principal":"0.00","Vol PPY":"0.00","Net Yield":"5,634.55","WAC":"5.70","Net WAC":"5.70"},{"Month":"46","Date":"2024-01-21","End Balance":"3,060,390.86","Interest":"17,099.09","Scheduled Principal":"538,440.50","Unscheduled Principal":"0.00","Principal Payment":"538,440.50","Defaulted Balance":"0.00","Unrecovered Losses":"0.00","Recovered Principal":"0.00","Total Payment":"555,539.59","Performing Balance":"3,060,390.86","Non-Performing Balance":"0.00","30d delinq Balance":"0.00","60d delinq Balance":"0.00","90d delinq Balance":"0.00","90d+ delinq Balance":"0.00","Bankruptcy Balance":"0.00","Balance in Foreclosure":"0.00","Total Loans Current":"555,539.59","Amortized Default Balance":"0.00","Accrued Interest":"0.00","Advanced Interest":"0.00","Advanced Principal":"0.00","Vol PPY":"0.00","Net Yield":"2,095.99","WAC":"5.70","Net WAC":"5.70"},{"Month":"47","Date":"2024-02-21","End Balance":"2,546,215.04","Interest":"14,541.07","Scheduled Principal":"514,175.82","Unscheduled Principal":"0.00","Principal Payment":"514,175.82","Defaulted Balance":"0.00","Unrecovered Losses":"0.00","Recovered Principal":"0.00","Total Payment":"528,716.89","Performing Balance":"2,546,215.04","Non-Performing Balance":"0.00","30d delinq Balance":"0.00","60d delinq Balance":"0.00","90d delinq Balance":"0.00","90d+ delinq Balance":"0.00","Bankruptcy Balance":"0.00","Balance in Foreclosure":"0.00","Total Loans Current":"528,716.89","Amortized Default Balance":"0.00","Accrued Interest":"0.00","Advanced Interest":"0.00","Advanced Principal":"0.00","Vol PPY":"0.00","Net Yield":"2,001.82","WAC":"5.70","Net WAC":"5.70"},{"Month":"48","Date":"2024-03-21","End Balance":"2,069,714.99","Interest":"12,097.89","Scheduled Principal":"476,500.05","Unscheduled Principal":"0.00","Principal Payment":"476,500.05","Defaulted Balance":"0.00","Unrecovered Losses":"0.00","Recovered Principal":"0.00","Total Payment":"488,597.94","Performing Balance":"2,069,714.99","Non-Performing Balance":"0.00","30d delinq Balance":"0.00","60d delinq Balance":"0.00","90d delinq Balance":"0.00","90d+ delinq Balance":"0.00","Bankruptcy Balance":"0.00","Balance in Foreclosure":"0.00","Total Loans Current":"488,597.94","Amortized Default Balance":"0.00","Accrued Interest":"0.00","Advanced Interest":"0.00","Advanced Principal":"0.00","Vol PPY":"0.00","Net Yield":"1,854.99","WAC":"5.70","Net WAC":"5.70"},{"Month":"49","Date":"2024-04-21","End Balance":"1,655,997.25","Interest":"9,833.62","Scheduled Principal":"413,717.74","Unscheduled Principal":"0.00","Principal Payment":"413,717.74","Defaulted Balance":"0.00","Unrecovered Losses":"0.00","Recovered Principal":"0.00","Total Payment":"423,551.36","Performing Balance":"1,655,997.25","Non-Performing Balance":"0.00","30d delinq Balance":"0.00","60d delinq Balance":"0.00","90d delinq Balance":"0.00","90d+ delinq Balance":"0.00","Bankruptcy Balance":"0.00","Balance in Foreclosure":"0.00","Total Loans Current":"423,551.36","Amortized Default Balance":"0.00","Accrued Interest":"0.00","Advanced Interest":"0.00","Advanced Principal":"0.00","Vol PPY":"0.00","Net Yield":"1,610.32","WAC":"5.70","Net WAC":"5.70"},{"Month":"50","Date":"2024-05-21","End Balance":"1,301,191.90","Interest":"7,867.95","Scheduled Principal":"354,805.35","Unscheduled Principal":"0.00","Principal Payment":"354,805.35","Defaulted Balance":"0.00","Unrecovered Losses":"0.00","Recovered Principal":"0.00","Total Payment":"362,673.30","Performing Balance":"1,301,191.90","Non-Performing Balance":"0.00","30d delinq Balance":"0.00","60d delinq Balance":"0.00","90d delinq Balance":"0.00","90d+ delinq Balance":"0.00","Bankruptcy Balance":"0.00","Balance in Foreclosure":"0.00","Total Loans Current":"362,673.30","Amortized Default Balance":"0.00","Accrued Interest":"0.00","Advanced Interest":"0.00","Advanced Principal":"0.00","Vol PPY":"0.00","Net Yield":"1,381.01","WAC":"5.70","Net WAC":"5.70"},{"Month":"51","Date":"2024-06-21","End Balance":"1,008,368.19","Interest":"6,182.33","Scheduled Principal":"292,823.72","Unscheduled Principal":"0.00","Principal Payment":"292,823.72","Defaulted Balance":"0.00","Unrecovered Losses":"0.00","Recovered Principal":"0.00","Total Payment":"299,006.05","Performing Balance":"1,008,368.19","Non-Performing Balance":"0.00","30d delinq Balance":"0.00","60d delinq Balance":"0.00","90d delinq Balance":"0.00","90d+ delinq Balance":"0.00","Bankruptcy Balance":"0.00","Balance in Foreclosure":"0.00","Total Loans Current":"299,006.05","Amortized Default Balance":"0.00","Accrued Interest":"0.00","Advanced Interest":"0.00","Advanced Principal":"0.00","Vol PPY":"0.00","Net Yield":"1,139.90","WAC":"5.70","Net WAC":"5.70"},{"Month":"52","Date":"2024-07-21","End Balance":"754,782.08","Interest":"4,791.10","Scheduled Principal":"253,586.11","Unscheduled Principal":"0.00","Principal Payment":"253,586.11","Defaulted Balance":"0.00","Unrecovered Losses":"0.00","Recovered Principal":"0.00","Total Payment":"258,377.21","Performing Balance":"754,782.08","Non-Performing Balance":"0.00","30d delinq Balance":"0.00","60d delinq Balance":"0.00","90d delinq Balance":"0.00","90d+ delinq Balance":"0.00","Bankruptcy Balance":"0.00","Balance in Foreclosure":"0.00","Total Loans Current":"258,377.21","Amortized Default Balance":"0.00","Accrued Interest":"0.00","Advanced Interest":"0.00","Advanced Principal":"0.00","Vol PPY":"0.00","Net Yield":"987.22","WAC":"5.70","Net WAC":"5.70"},{"Month":"53","Date":"2024-08-21","End Balance":"526,411.14","Interest":"3,586.43","Scheduled Principal":"228,370.94","Unscheduled Principal":"0.00","Principal Payment":"228,370.94","Defaulted Balance":"0.00","Unrecovered Losses":"0.00","Recovered Principal":"0.00","Total Payment":"231,957.37","Performing Balance":"526,411.14","Non-Performing Balance":"0.00","30d delinq Balance":"0.00","60d delinq Balance":"0.00","90d delinq Balance":"0.00","90d+ delinq Balance":"0.00","Bankruptcy Balance":"0.00","Balance in Foreclosure":"0.00","Total Loans Current":"231,957.37","Amortized Default Balance":"0.00","Accrued Interest":"0.00","Advanced Interest":"0.00","Advanced Principal":"0.00","Vol PPY":"0.00","Net Yield":"889.26","WAC":"5.70","Net WAC":"5.70"},{"Month":"54","Date":"2024-09-21","End Balance":"327,640.30","Interest":"2,501.12","Scheduled Principal":"198,770.84","Unscheduled Principal":"0.00","Principal Payment":"198,770.84","Defaulted Balance":"0.00","Unrecovered Losses":"0.00","Recovered Principal":"0.00","Total Payment":"201,271.96","Performing Balance":"327,640.30","Non-Performing Balance":"0.00","30d delinq Balance":"0.00","60d delinq Balance":"0.00","90d delinq Balance":"0.00","90d+ delinq Balance":"0.00","Bankruptcy Balance":"0.00","Balance in Foreclosure":"0.00","Total Loans Current":"201,271.96","Amortized Default Balance":"0.00","Accrued Interest":"0.00","Advanced Interest":"0.00","Advanced Principal":"0.00","Vol PPY":"0.00","Net Yield":"773.78","WAC":"5.70","Net WAC":"5.70"},{"Month":"55","Date":"2024-10-21","End Balance":"165,764.79","Interest":"1,556.59","Scheduled Principal":"161,875.50","Unscheduled Principal":"0.00","Principal Payment":"161,875.50","Defaulted Balance":"0.00","Unrecovered Losses":"0.00","Recovered Principal":"0.00","Total Payment":"163,432.09","Performing Balance":"165,764.79","Non-Performing Balance":"0.00","30d delinq Balance":"0.00","60d delinq Balance":"0.00","90d delinq Balance":"0.00","90d+ delinq Balance":"0.00","Bankruptcy Balance":"0.00","Balance in Foreclosure":"0.00","Total Loans Current":"163,432.09","Amortized Default Balance":"0.00","Accrued Interest":"0.00","Advanced Interest":"0.00","Advanced Principal":"0.00","Vol PPY":"0.00","Net Yield":"630.04","WAC":"5.70","Net WAC":"5.70"},{"Month":"56","Date":"2024-11-21","End Balance":"55,292.78","Interest":"787.61","Scheduled Principal":"110,472.02","Unscheduled Principal":"0.00","Principal Payment":"110,472.02","Defaulted Balance":"0.00","Unrecovered Losses":"0.00","Recovered Principal":"0.00","Total Payment":"111,259.63","Performing Balance":"55,292.78","Non-Performing Balance":"0.00","30d delinq Balance":"0.00","60d delinq Balance":"0.00","90d delinq Balance":"0.00","90d+ delinq Balance":"0.00","Bankruptcy Balance":"0.00","Balance in Foreclosure":"0.00","Total Loans Current":"111,259.63","Amortized Default Balance":"0.00","Accrued Interest":"0.00","Advanced Interest":"0.00","Advanced Principal":"0.00","Vol PPY":"0.00","Net Yield":"430.07","WAC":"5.70","Net WAC":"5.70"},{"Month":"57","Date":"2024-12-21","End Balance":"720.58","Interest":"262.73","Scheduled Principal":"54,572.19","Unscheduled Principal":"0.00","Principal Payment":"54,572.19","Defaulted Balance":"0.00","Unrecovered Losses":"0.00","Recovered Principal":"0.00","Total Payment":"54,834.92","Performing Balance":"720.58","Non-Performing Balance":"0.00","30d delinq Balance":"0.00","60d delinq Balance":"0.00","90d delinq Balance":"0.00","90d+ delinq Balance":"0.00","Bankruptcy Balance":"0.00","Balance in Foreclosure":"0.00","Total Loans Current":"54,834.92","Amortized Default Balance":"0.00","Accrued Interest":"0.00","Advanced Interest":"0.00","Advanced Principal":"0.00","Vol PPY":"0.00","Net Yield":"212.47","WAC":"5.70","Net WAC":"5.70"},{"Month":"58","Date":"2025-01-21","End Balance":"0.00","Interest":"3.42","Scheduled Principal":"720.58","Unscheduled Principal":"0.00","Principal Payment":"720.58","Defaulted Balance":"0.00","Unrecovered Losses":"0.00","Recovered Principal":"0.00","Total Payment":"724.00","Performing Balance":"0.00","Non-Performing Balance":"0.00","30d delinq Balance":"0.00","60d delinq Balance":"0.00","90d delinq Balance":"0.00","90d+ delinq Balance":"0.00","Bankruptcy Balance":"0.00","Balance in Foreclosure":"0.00","Total Loans Current":"724.00","Amortized Default Balance":"0.00","Accrued Interest":"0.00","Advanced Interest":"0.00","Advanced Principal":"0.00","Vol PPY":"0.00","Net Yield":"2.80","WAC":"5.70","Net WAC":"5.70"},{"Month":"59","Date":"2025-02-21","End Balance":"0.00","Interest":"0.00","Scheduled Principal":"0.00","Unscheduled Principal":"0.00","Principal Payment":"0.00","Defaulted Balance":"0.00","Unrecovered Losses":"0.00","Recovered Principal":"0.00","Total Payment":"0.00","Performing Balance":"0.00","Non-Performing Balance":"0.00","30d delinq Balance":"0.00","60d delinq Balance":"0.00","90d delinq Balance":"0.00","90d+ delinq Balance":"0.00","Bankruptcy Balance":"0.00","Balance in Foreclosure":"0.00","Total Loans Current":"0.00","Amortized Default Balance":"0.00","Accrued Interest":"0.00","Advanced Interest":"0.00","Advanced Principal":"0.00","Vol PPY":"0.00","Net Yield":"0.00","WAC":"0.00","Net WAC":"0.00"}]}}