{"Collateral Flows":{"perfsummary":{"scenario_id":"10001","settles_date":"2019-03-29"},"cashflows":[{"Month":"0","Date":"2020-03-26","End Balance":"399,999,999.99","Interest":"0.00","Scheduled Principal":"0.00","Unscheduled Principal":"0.00","Principal Payment":"0.00","Defaulted Balance":"0.00","Unrecovered Losses":"0.00","Recovered Principal":"0.00","Performing Balance":"399,999,999.99","Reinvestments Bought":"0.00","Balance of Reinvestments":"0.00","Interest of Reinvestments":"0.00","Defaulted of Reinvestments":"0.00","Loss of Reinvestments":"0.00","Recovery of Reinvestments":"0.00","Scheduled Principal of Reinvestments":"0.00","Total Principal of Reinvestments":"0.00","Unscheduled Principal of Reinvestments":"0.00","Short Term Reinvestment Income":"0.00"},{"Month":"1","Date":"2020-05-20","End Balance":"399,999,999.99","Interest":"1,845,010.85","Scheduled Principal":"0.00","Unscheduled Principal":"0.00","Principal Payment":"0.00","Defaulted Balance":"0.00","Unrecovered Losses":"0.00","Recovered Principal":"0.00","Performing Balance":"399,999,999.99","Reinvestments Bought":"0.00","Balance of Reinvestments":"0.00","Interest of Reinvestments":"0.00","Defaulted of Reinvestments":"0.00","Loss of Reinvestments":"0.00","Recovery of Reinvestments":"0.00","Scheduled Principal of Reinvestments":"0.00","Total Principal of Reinvestments":"0.00","Unscheduled Principal of Reinvestments":"0.00","Short Term Reinvestment Income":"1,508.84"},{"Month":"2","Date":"2020-06-22","End Balance":"399,999,999.99","Interest":"2,040,011.01","Scheduled Principal":"0.00","Unscheduled Principal":"0.00","Principal Payment":"0.00","Defaulted Balance":"0.00","Unrecovered Losses":"0.00","Recovered Principal":"0.00","Performing Balance":"399,999,999.99","Reinvestments Bought":"0.00","Balance of Reinvestments":"0.00","Interest of Reinvestments":"0.00","Defaulted of Reinvestments":"0.00","Loss of Reinvestments":"0.00","Recovery of Reinvestments":"0.00","Scheduled Principal of Reinvestments":"0.00","Total Principal of Reinvestments":"0.00","Unscheduled Principal of Reinvestments":"0.00","Short Term Reinvestment Income":"5,407.97"},{"Month":"3","Date":"2020-07-20","End Balance":"399,999,999.99","Interest":"2,049,857.54","Scheduled Principal":"0.00","Unscheduled Principal":"0.00","Principal Payment":"0.00","Defaulted Balance":"0.00","Unrecovered Losses":"0.00","Recovered Principal":"0.00","Performing Balance":"399,999,999.99","Reinvestments Bought":"0.00","Balance of Reinvestments":"0.00","Interest of Reinvestments":"0.00","Defaulted of Reinvestments":"0.00","Loss of Reinvestments":"0.00","Recovery of Reinvestments":"0.00","Scheduled Principal of Reinvestments":"0.00","Total Principal of Reinvestments":"0.00","Unscheduled Principal of Reinvestments":"0.00","Short Term Reinvestment Income":"9,101.23"},{"Month":"4","Date":"2020-08-20","End Balance":"399,999,999.99","Interest":"2,024,571.46","Scheduled Principal":"0.00","Unscheduled Principal":"0.00","Principal Payment":"0.00","Defaulted Balance":"0.00","Unrecovered Losses":"0.00","Recovered Principal":"0.00","Performing Balance":"399,999,999.99","Reinvestments Bought":"0.00","Balance of Reinvestments":"0.00","Interest of Reinvestments":"0.00","Defaulted of Reinvestments":"0.00","Loss of Reinvestments":"0.00","Recovery of Reinvestments":"0.00","Scheduled Principal of Reinvestments":"0.00","Total Principal of Reinvestments":"0.00","Unscheduled Principal of Reinvestments":"0.00","Short Term Reinvestment Income":"13,307.28"},{"Month":"5","Date":"2020-09-21","End Balance":"399,999,999.99","Interest":"2,057,900.68","Scheduled Principal":"0.00","Unscheduled Principal":"0.00","Principal Payment":"0.00","Defaulted Balance":"0.00","Unrecovered Losses":"0.00","Recovered Principal":"0.00","Performing Balance":"399,999,999.99","Reinvestments Bought":"0.00","Balance of Reinvestments":"0.00","Interest of Reinvestments":"0.00","Defaulted of Reinvestments":"0.00","Loss of Reinvestments":"0.00","Recovery of Reinvestments":"0.00","Scheduled Principal of Reinvestments":"0.00","Total Principal of Reinvestments":"0.00","Unscheduled Principal of Reinvestments":"0.00","Short Term Reinvestment Income":"17,052.27"},{"Month":"6","Date":"2020-10-20","End Balance":"399,999,999.99","Interest":"2,023,029.85","Scheduled Principal":"0.00","Unscheduled Principal":"0.00","Principal Payment":"0.00","Defaulted Balance":"0.00","Unrecovered Losses":"0.00","Recovered Principal":"0.00","Performing Balance":"399,999,999.99","Reinvestments Bought":"0.00","Balance of Reinvestments":"0.00","Interest of Reinvestments":"0.00","Defaulted of Reinvestments":"0.00","Loss of Reinvestments":"0.00","Recovery of Reinvestments":"0.00","Scheduled Principal of Reinvestments":"0.00","Total Principal of Reinvestments":"0.00","Unscheduled Principal of Reinvestments":"0.00","Short Term Reinvestment Income":"20,063.81"},{"Month":"7","Date":"2020-11-20","End Balance":"399,999,999.99","Interest":"1,995,579.02","Scheduled Principal":"0.00","Unscheduled Principal":"0.00","Principal Payment":"0.00","Defaulted Balance":"0.00","Unrecovered Losses":"0.00","Recovered Principal":"0.00","Performing Balance":"399,999,999.99","Reinvestments Bought":"0.00","Balance of Reinvestments":"0.00","Interest of Reinvestments":"0.00","Defaulted of Reinvestments":"0.00","Loss of Reinvestments":"0.00","Recovery of Reinvestments":"0.00","Scheduled Principal of Reinvestments":"0.00","Total Principal of Reinvestments":"0.00","Unscheduled Principal of Reinvestments":"0.00","Short Term Reinvestment Income":"1,612.68"},{"Month":"8","Date":"2020-12-21","End Balance":"399,999,999.99","Interest":"2,009,194.96","Scheduled Principal":"0.00","Unscheduled Principal":"0.00","Principal Payment":"0.00","Defaulted Balance":"0.00","Unrecovered Losses":"0.00","Recovered Principal":"0.00","Performing Balance":"399,999,999.99","Reinvestments Bought":"0.00","Balance of Reinvestments":"0.00","Interest of Reinvestments":"0.00","Defaulted of Reinvestments":"0.00","Loss of Reinvestments":"0.00","Recovery of Reinvestments":"0.00","Scheduled Principal of Reinvestments":"0.00","Total Principal of Reinvestments":"0.00","Unscheduled Principal of Reinvestments":"0.00","Short Term Reinvestment Income":"5,177.56"},{"Month":"9","Date":"2021-01-20","End Balance":"399,999,999.99","Interest":"1,986,013.94","Scheduled Principal":"0.00","Unscheduled Principal":"0.00","Principal Payment":"0.00","Defaulted Balance":"0.00","Unrecovered Losses":"0.00","Recovered Principal":"0.00","Performing Balance":"399,999,999.99","Reinvestments Bought":"0.00","Balance of Reinvestments":"0.00","Interest of Reinvestments":"0.00","Defaulted of Reinvestments":"0.00","Loss of Reinvestments":"0.00","Recovery of Reinvestments":"0.00","Scheduled Principal of Reinvestments":"0.00","Total Principal of Reinvestments":"0.00","Unscheduled Principal of Reinvestments":"0.00","Short Term Reinvestment Income":"9,035.44"},{"Month":"10","Date":"2021-02-22","End Balance":"399,999,999.99","Interest":"2,021,110.23","Scheduled Principal":"0.00","Unscheduled Principal":"0.00","Principal Payment":"0.00","Defaulted Balance":"0.00","Unrecovered Losses":"0.00","Recovered Principal":"0.00","Performing Balance":"399,999,999.99","Reinvestments Bought":"0.00","Balance of Reinvestments":"0.00","Interest of Reinvestments":"0.00","Defaulted of Reinvestments":"0.00","Loss of Reinvestments":"0.00","Recovery of Reinvestments":"0.00","Scheduled Principal of Reinvestments":"0.00","Total Principal of Reinvestments":"0.00","Unscheduled Principal of Reinvestments":"0.00","Short Term Reinvestment Income":"1,603.31"},{"Month":"11","Date":"2021-03-22","End Balance":"399,999,999.99","Interest":"1,928,237.18","Scheduled Principal":"0.00","Unscheduled Principal":"0.00","Principal Payment":"0.00","Defaulted Balance":"0.00","Unrecovered Losses":"0.00","Recovered Principal":"0.00","Performing Balance":"399,999,999.99","Reinvestments Bought":"0.00","Balance of Reinvestments":"0.00","Interest of Reinvestments":"0.00","Defaulted of Reinvestments":"0.00","Loss of Reinvestments":"0.00","Recovery of Reinvestments":"0.00","Scheduled Principal of Reinvestments":"0.00","Total Principal of Reinvestments":"0.00","Unscheduled Principal of Reinvestments":"0.00","Short Term Reinvestment Income":"4,638.33"},{"Month":"12","Date":"2021-04-20","End Balance":"399,999,999.99","Interest":"1,884,991.92","Scheduled Principal":"0.00","Unscheduled Principal":"0.00","Principal Payment":"0.00","Defaulted Balance":"0.00","Unrecovered Losses":"0.00","Recovered Principal":"0.00","Performing Balance":"399,999,999.99","Reinvestments Bought":"0.00","Balance of Reinvestments":"0.00","Interest of Reinvestments":"0.00","Defaulted of Reinvestments":"0.00","Loss of Reinvestments":"0.00","Recovery of Reinvestments":"0.00","Scheduled Principal of Reinvestments":"0.00","Total Principal of Reinvestments":"0.00","Unscheduled Principal of Reinvestments":"0.00","Short Term Reinvestment Income":"8,744.57"},{"Month":"13","Date":"2021-05-20","End Balance":"399,999,999.99","Interest":"1,961,625.19","Scheduled Principal":"0.00","Unscheduled Principal":"0.00","Principal Payment":"0.00","Defaulted Balance":"0.00","Unrecovered Losses":"0.00","Recovered Principal":"0.00","Performing Balance":"399,999,999.99","Reinvestments Bought":"0.00","Balance of Reinvestments":"0.00","Interest of Reinvestments":"0.00","Defaulted of Reinvestments":"0.00","Loss of Reinvestments":"0.00","Recovery of Reinvestments":"0.00","Scheduled Principal of Reinvestments":"0.00","Total Principal of Reinvestments":"0.00","Unscheduled Principal of Reinvestments":"0.00","Short Term Reinvestment Income":"1,525.71"},{"Month":"14","Date":"2021-06-21","End Balance":"399,999,999.99","Interest":"1,931,252.69","Scheduled Principal":"0.00","Unscheduled Principal":"0.00","Principal Payment":"0.00","Defaulted Balance":"0.00","Unrecovered Losses":"0.00","Recovered Principal":"0.00","Performing Balance":"399,999,999.99","Reinvestments Bought":"0.00","Balance of Reinvestments":"0.00","Interest of Reinvestments":"0.00","Defaulted of Reinvestments":"0.00","Loss of Reinvestments":"0.00","Recovery of Reinvestments":"0.00","Scheduled Principal of Reinvestments":"0.00","Total Principal of Reinvestments":"0.00","Unscheduled Principal of Reinvestments":"0.00","Short Term Reinvestment Income":"4,885.47"},{"Month":"15","Date":"2021-07-20","End Balance":"399,999,999.99","Interest":"1,938,245.64","Scheduled Principal":"0.00","Unscheduled Principal":"0.00","Principal Payment":"0.00","Defaulted Balance":"0.00","Unrecovered Losses":"0.00","Recovered Principal":"0.00","Performing Balance":"399,999,999.99","Reinvestments Bought":"0.00","Balance of Reinvestments":"0.00","Interest of Reinvestments":"0.00","Defaulted of Reinvestments":"0.00","Loss of Reinvestments":"0.00","Recovery of Reinvestments":"0.00","Scheduled Principal of Reinvestments":"0.00","Total Principal of Reinvestments":"0.00","Unscheduled Principal of Reinvestments":"0.00","Short Term Reinvestment Income":"7,822.94"},{"Month":"16","Date":"2021-08-20","End Balance":"399,999,999.99","Interest":"1,909,814.39","Scheduled Principal":"0.00","Unscheduled Principal":"0.00","Principal Payment":"0.00","Defaulted Balance":"0.00","Unrecovered Losses":"0.00","Recovered Principal":"0.00","Performing Balance":"399,999,999.99","Reinvestments Bought":"0.00","Balance of Reinvestments":"0.00","Interest of Reinvestments":"0.00","Defaulted of Reinvestments":"0.00","Loss of Reinvestments":"0.00","Recovery of Reinvestments":"0.00","Scheduled Principal of Reinvestments":"0.00","Total Principal of Reinvestments":"0.00","Unscheduled Principal of Reinvestments":"0.00","Short Term Reinvestment Income":"1,467.06"},{"Month":"17","Date":"2021-09-20","End Balance":"399,999,999.99","Interest":"1,940,881.88","Scheduled Principal":"0.00","Unscheduled Principal":"0.00","Principal Payment":"0.00","Defaulted Balance":"0.00","Unrecovered Losses":"0.00","Recovered Principal":"0.00","Performing Balance":"399,999,999.99","Reinvestments Bought":"0.00","Balance of Reinvestments":"0.00","Interest of Reinvestments":"0.00","Defaulted of Reinvestments":"0.00","Loss of Reinvestments":"0.00","Recovery of Reinvestments":"0.00","Scheduled Principal of Reinvestments":"0.00","Total Principal of Reinvestments":"0.00","Unscheduled Principal of Reinvestments":"0.00","Short Term Reinvestment Income":"4,633.48"},{"Month":"18","Date":"2021-10-20","End Balance":"399,999,999.99","Interest":"1,910,218.11","Scheduled Principal":"0.00","Unscheduled Principal":"0.00","Principal Payment":"0.00","Defaulted Balance":"0.00","Unrecovered Losses":"0.00","Recovered Principal":"0.00","Performing Balance":"399,999,999.99","Reinvestments Bought":"0.00","Balance of Reinvestments":"0.00","Interest of Reinvestments":"0.00","Defaulted of Reinvestments":"0.00","Loss of Reinvestments":"0.00","Recovery of Reinvestments":"0.00","Scheduled Principal of Reinvestments":"0.00","Total Principal of Reinvestments":"0.00","Unscheduled Principal of Reinvestments":"0.00","Short Term Reinvestment Income":"7,172.33"},{"Month":"19","Date":"2021-11-22","End Balance":"399,999,999.99","Interest":"1,884,846.70","Scheduled Principal":"0.00","Unscheduled Principal":"0.00","Principal Payment":"0.00","Defaulted Balance":"0.00","Unrecovered Losses":"0.00","Recovered Principal":"0.00","Performing Balance":"399,999,999.99","Reinvestments Bought":"0.00","Balance of Reinvestments":"0.00","Interest of Reinvestments":"0.00","Defaulted of Reinvestments":"0.00","Loss of Reinvestments":"0.00","Recovery of Reinvestments":"0.00","Scheduled Principal of Reinvestments":"0.00","Total Principal of Reinvestments":"0.00","Unscheduled Principal of Reinvestments":"0.00","Short Term Reinvestment Income":"1,310.35"},{"Month":"20","Date":"2021-12-20","End Balance":"399,999,999.99","Interest":"1,896,232.43","Scheduled Principal":"0.00","Unscheduled Principal":"0.00","Principal Payment":"0.00","Defaulted Balance":"0.00","Unrecovered Losses":"0.00","Recovered Principal":"0.00","Performing Balance":"399,999,999.99","Reinvestments Bought":"0.00","Balance of Reinvestments":"0.00","Interest of Reinvestments":"0.00","Defaulted of Reinvestments":"0.00","Loss of Reinvestments":"0.00","Recovery of Reinvestments":"0.00","Scheduled Principal of Reinvestments":"0.00","Total Principal of Reinvestments":"0.00","Unscheduled Principal of Reinvestments":"0.00","Short Term Reinvestment Income":"4,203.64"},{"Month":"21","Date":"2022-01-20","End Balance":"399,999,999.99","Interest":"1,872,982.45","Scheduled Principal":"0.00","Unscheduled Principal":"0.00","Principal Payment":"0.00","Defaulted Balance":"0.00","Unrecovered Losses":"0.00","Recovered Principal":"0.00","Performing Balance":"399,999,999.99","Reinvestments Bought":"0.00","Balance of Reinvestments":"0.00","Interest of Reinvestments":"0.00","Defaulted of Reinvestments":"0.00","Loss of Reinvestments":"0.00","Recovery of Reinvestments":"0.00","Scheduled Principal of Reinvestments":"0.00","Total Principal of Reinvestments":"0.00","Unscheduled Principal of Reinvestments":"0.00","Short Term Reinvestment Income":"7,346.74"},{"Month":"22","Date":"2022-02-22","End Balance":"399,999,999.99","Interest":"1,908,004.15","Scheduled Principal":"0.00","Unscheduled Principal":"0.00","Principal Payment":"0.00","Defaulted Balance":"0.00","Unrecovered Losses":"0.00","Recovered Principal":"0.00","Performing Balance":"399,999,999.99","Reinvestments Bought":"0.00","Balance of Reinvestments":"0.00","Interest of Reinvestments":"0.00","Defaulted of Reinvestments":"0.00","Loss of Reinvestments":"0.00","Recovery of Reinvestments":"0.00","Scheduled Principal of Reinvestments":"0.00","Total Principal of Reinvestments":"0.00","Unscheduled Principal of Reinvestments":"0.00","Short Term Reinvestment Income":"1,318.94"},{"Month":"23","Date":"2022-03-21","End Balance":"399,999,999.99","Interest":"1,826,608.94","Scheduled Principal":"0.00","Unscheduled Principal":"0.00","Principal Payment":"0.00","Defaulted Balance":"0.00","Unrecovered Losses":"0.00","Recovered Principal":"0.00","Performing Balance":"399,999,999.99","Reinvestments Bought":"0.00","Balance of Reinvestments":"0.00","Interest of Reinvestments":"0.00","Defaulted of Reinvestments":"0.00","Loss of Reinvestments":"0.00","Recovery of Reinvestments":"0.00","Scheduled Principal of Reinvestments":"0.00","Total Principal of Reinvestments":"0.00","Unscheduled Principal of Reinvestments":"0.00","Short Term Reinvestment Income":"3,870.98"},{"Month":"24","Date":"2022-04-20","End Balance":"399,999,999.99","Interest":"1,794,832.93","Scheduled Principal":"2,983,711.36","Unscheduled Principal":"0.00","Principal Payment":"0.00","Defaulted Balance":"0.00","Unrecovered Losses":"0.00","Recovered Principal":"0.00","Performing Balance":"399,999,999.99","Reinvestments Bought":"2,983,711.36","Balance of Reinvestments":"2,983,711.36","Interest of Reinvestments":"0.00","Defaulted of Reinvestments":"0.00","Loss of Reinvestments":"0.00","Recovery of Reinvestments":"0.00","Scheduled Principal of Reinvestments":"0.00","Total Principal of Reinvestments":"0.00","Unscheduled Principal of Reinvestments":"0.00","Short Term Reinvestment Income":"8,222.31"},{"Month":"25","Date":"2022-05-20","End Balance":"399,999,999.99","Interest":"1,862,084.45","Scheduled Principal":"0.00","Unscheduled Principal":"0.00","Principal Payment":"0.00","Defaulted Balance":"0.00","Unrecovered Losses":"0.00","Recovered Principal":"0.00","Performing Balance":"399,999,999.99","Reinvestments Bought":"0.00","Balance of Reinvestments":"2,983,711.36","Interest of Reinvestments":"0.00","Defaulted of Reinvestments":"0.00","Loss of Reinvestments":"0.00","Recovery of Reinvestments":"0.00","Scheduled Principal of Reinvestments":"0.00","Total Principal of Reinvestments":"0.00","Unscheduled Principal of Reinvestments":"0.00","Short Term Reinvestment Income":"1,236.05"},{"Month":"26","Date":"2022-06-20","End Balance":"399,999,999.99","Interest":"1,842,850.67","Scheduled Principal":"0.00","Unscheduled Principal":"0.00","Principal Payment":"0.00","Defaulted Balance":"0.00","Unrecovered Losses":"0.00","Recovered Principal":"0.00","Performing Balance":"399,999,999.99","Reinvestments Bought":"0.00","Balance of Reinvestments":"2,983,711.36","Interest of Reinvestments":"0.00","Defaulted of Reinvestments":"0.00","Loss of Reinvestments":"0.00","Recovery of Reinvestments":"0.00","Scheduled Principal of Reinvestments":"0.00","Total Principal of Reinvestments":"0.00","Unscheduled Principal of Reinvestments":"0.00","Short Term Reinvestment Income":"4,233.87"},{"Month":"27","Date":"2022-07-20","End Balance":"399,999,999.99","Interest":"1,901,275.29","Scheduled Principal":"0.00","Unscheduled Principal":"0.00","Principal Payment":"0.00","Defaulted Balance":"0.00","Unrecovered Losses":"0.00","Recovered Principal":"0.00","Performing Balance":"399,999,999.99","Reinvestments Bought":"0.00","Balance of Reinvestments":"2,983,711.36","Interest of Reinvestments":"40,785.65","Defaulted of Reinvestments":"0.00","Loss of Reinvestments":"0.00","Recovery of Reinvestments":"0.00","Scheduled Principal of Reinvestments":"0.00","Total Principal of Reinvestments":"0.00","Unscheduled Principal of Reinvestments":"0.00","Short Term Reinvestment Income":"7,246.48"},{"Month":"28","Date":"2022-08-22","End Balance":"399,999,999.99","Interest":"1,842,856.89","Scheduled Principal":"0.00","Unscheduled Principal":"0.00","Principal Payment":"0.00","Defaulted Balance":"0.00","Unrecovered Losses":"0.00","Recovered Principal":"0.00","Performing Balance":"399,999,999.99","Reinvestments Bought":"0.00","Balance of Reinvestments":"2,983,711.36","Interest of Reinvestments":"0.00","Defaulted of Reinvestments":"0.00","Loss of Reinvestments":"0.00","Recovery of Reinvestments":"0.00","Scheduled Principal of Reinvestments":"0.00","Total Principal of Reinvestments":"0.00","Unscheduled Principal of Reinvestments":"0.00","Short Term Reinvestment Income":"1,366.60"},{"Month":"29","Date":"2022-09-20","End Balance":"399,999,999.99","Interest":"1,883,417.77","Scheduled Principal":"0.00","Unscheduled Principal":"0.00","Principal Payment":"0.00","Defaulted Balance":"0.00","Unrecovered Losses":"0.00","Recovered Principal":"0.00","Performing Balance":"399,999,999.99","Reinvestments Bought":"0.00","Balance of Reinvestments":"2,983,711.36","Interest of Reinvestments":"0.00","Defaulted of Reinvestments":"0.00","Loss of Reinvestments":"0.00","Recovery of Reinvestments":"0.00","Scheduled Principal of Reinvestments":"0.00","Total Principal of Reinvestments":"0.00","Unscheduled Principal of Reinvestments":"0.00","Short Term Reinvestment Income":"4,365.60"},{"Month":"30","Date":"2022-10-20","End Balance":"399,999,999.99","Interest":"1,904,409.16","Scheduled Principal":"0.00","Unscheduled Principal":"0.00","Principal Payment":"0.00","Defaulted Balance":"0.00","Unrecovered Losses":"0.00","Recovered Principal":"0.00","Performing Balance":"399,999,999.99","Reinvestments Bought":"0.00","Balance of Reinvestments":"2,983,711.36","Interest of Reinvestments":"40,406.36","Defaulted of Reinvestments":"0.00","Loss of Reinvestments":"0.00","Recovery of Reinvestments":"0.00","Scheduled Principal of Reinvestments":"0.00","Total Principal of Reinvestments":"0.00","Unscheduled Principal of Reinvestments":"0.00","Short Term Reinvestment Income":"6,856.62"},{"Month":"31","Date":"2022-11-21","End Balance":"399,999,999.99","Interest":"1,848,677.48","Scheduled Principal":"0.00","Unscheduled Principal":"0.00","Principal Payment":"0.00","Defaulted Balance":"0.00","Unrecovered Losses":"0.00","Recovered Principal":"0.00","Performing Balance":"399,999,999.99","Reinvestments Bought":"0.00","Balance of Reinvestments":"2,983,711.36","Interest of Reinvestments":"0.00","Defaulted of Reinvestments":"0.00","Loss of Reinvestments":"0.00","Recovery of Reinvestments":"0.00","Scheduled Principal of Reinvestments":"0.00","Total Principal of Reinvestments":"0.00","Unscheduled Principal of Reinvestments":"0.00","Short Term Reinvestment Income":"1,286.20"},{"Month":"32","Date":"2022-12-20","End Balance":"397,786,802.31","Interest":"1,870,161.36","Scheduled Principal":"2,213,197.68","Unscheduled Principal":"0.00","Principal Payment":"2,213,197.68","Defaulted Balance":"0.00","Unrecovered Losses":"0.00","Recovered Principal":"0.00","Performing Balance":"397,786,802.31","Reinvestments Bought":"0.00","Balance of Reinvestments":"2,983,711.36","Interest of Reinvestments":"0.00","Defaulted of Reinvestments":"0.00","Loss of Reinvestments":"0.00","Recovery of Reinvestments":"0.00","Scheduled Principal of Reinvestments":"0.00","Total Principal of Reinvestments":"0.00","Unscheduled Principal of Reinvestments":"0.00","Short Term Reinvestment Income":"4,388.64"},{"Month":"33","Date":"2023-01-20","End Balance":"399,999,999.99","Interest":"1,941,617.52","Scheduled Principal":"0.00","Unscheduled Principal":"0.00","Principal Payment":"-2,213,197.68","Defaulted Balance":"0.00","Unrecovered Losses":"0.00","Recovered Principal":"0.00","Performing Balance":"399,999,999.99","Reinvestments Bought":"2,213,197.68","Balance of Reinvestments":"5,196,909.04","Interest of Reinvestments":"41,864.65","Defaulted of Reinvestments":"0.00","Loss of Reinvestments":"0.00","Recovery of Reinvestments":"0.00","Scheduled Principal of Reinvestments":"0.00","Total Principal of Reinvestments":"0.00","Unscheduled Principal of Reinvestments":"0.00","Short Term Reinvestment Income":"11,741.78"},{"Month":"34","Date":"2023-02-21","End Balance":"397,786,802.31","Interest":"1,834,337.27","Scheduled Principal":"2,213,197.68","Unscheduled Principal":"0.00","Principal Payment":"2,213,197.68","Defaulted Balance":"0.00","Unrecovered Losses":"0.00","Recovered Principal":"0.00","Performing Balance":"397,786,802.31","Reinvestments Bought":"0.00","Balance of Reinvestments":"5,196,909.04","Interest of Reinvestments":"0.00","Defaulted of Reinvestments":"0.00","Loss of Reinvestments":"0.00","Recovery of Reinvestments":"0.00","Scheduled Principal of Reinvestments":"0.00","Total Principal of Reinvestments":"0.00","Unscheduled Principal of Reinvestments":"0.00","Short Term Reinvestment Income":"2,617.57"},{"Month":"35","Date":"2023-03-20","End Balance":"397,786,802.31","Interest":"1,810,926.69","Scheduled Principal":"0.00","Unscheduled Principal":"0.00","Principal Payment":"0.00","Defaulted Balance":"0.00","Unrecovered Losses":"0.00","Recovered Principal":"0.00","Performing Balance":"397,786,802.31","Reinvestments Bought":"0.00","Balance of Reinvestments":"5,196,909.04","Interest of Reinvestments":"0.00","Defaulted of Reinvestments":"0.00","Loss of Reinvestments":"0.00","Recovery of Reinvestments":"0.00","Scheduled Principal of Reinvestments":"0.00","Total Principal of Reinvestments":"0.00","Unscheduled Principal of Reinvestments":"0.00","Short Term Reinvestment Income":"7,310.15"},{"Month":"36","Date":"2023-04-20","End Balance":"399,999,999.99","Interest":"1,939,147.03","Scheduled Principal":"0.00","Unscheduled Principal":"0.00","Principal Payment":"-2,213,197.68","Defaulted Balance":"0.00","Unrecovered Losses":"0.00","Recovered Principal":"0.00","Performing Balance":"399,999,999.99","Reinvestments Bought":"2,213,197.68","Balance of Reinvestments":"7,410,106.72","Interest of Reinvestments":"70,814.06","Defaulted of Reinvestments":"0.00","Loss of Reinvestments":"0.00","Recovery of Reinvestments":"0.00","Scheduled Principal of Reinvestments":"0.00","Total Principal of Reinvestments":"0.00","Unscheduled Principal of Reinvestments":"0.00","Short Term Reinvestment Income":"11,417.38"},{"Month":"37","Date":"2023-05-22","End Balance":"398,524,534.87","Interest":"1,794,151.59","Scheduled Principal":"1,475,465.12","Unscheduled Principal":"0.00","Principal Payment":"1,475,465.12","Defaulted Balance":"0.00","Unrecovered Losses":"0.00","Recovered Principal":"0.00","Performing Balance":"398,524,534.87","Reinvestments Bought":"0.00","Balance of Reinvestments":"7,410,106.72","Interest of Reinvestments":"0.00","Defaulted of Reinvestments":"0.00","Loss of Reinvestments":"0.00","Recovery of Reinvestments":"0.00","Scheduled Principal of Reinvestments":"0.00","Total Principal of Reinvestments":"0.00","Unscheduled Principal of Reinvestments":"0.00","Short Term Reinvestment Income":"3,091.67"},{"Month":"38","Date":"2023-06-20","End Balance":"395,849,069.75","Interest":"1,859,252.63","Scheduled Principal":"2,675,465.12","Unscheduled Principal":"0.00","Principal Payment":"2,675,465.12","Defaulted Balance":"0.00","Unrecovered Losses":"0.00","Recovered Principal":"0.00","Performing Balance":"395,849,069.75","Reinvestments Bought":"0.00","Balance of Reinvestments":"7,410,106.72","Interest of Reinvestments":"0.00","Defaulted of Reinvestments":"0.00","Loss of Reinvestments":"0.00","Recovery of Reinvestments":"0.00","Scheduled Principal of Reinvestments":"0.00","Total Principal of Reinvestments":"0.00","Unscheduled Principal of Reinvestments":"0.00","Short Term Reinvestment Income":"8,411.64"},{"Month":"39","Date":"2023-07-20","End Balance":"399,999,999.99","Interest":"2,055,931.32","Scheduled Principal":"1,475,465.12","Unscheduled Principal":"0.00","Principal Payment":"-4,150,930.24","Defaulted Balance":"0.00","Unrecovered Losses":"0.00","Recovered Principal":"0.00","Performing Balance":"399,999,999.99","Reinvestments Bought":"5,626,395.36","Balance of Reinvestments":"13,036,502.08","Interest of Reinvestments":"101,182.80","Defaulted of Reinvestments":"0.00","Loss of Reinvestments":"0.00","Recovery of Reinvestments":"0.00","Scheduled Principal of Reinvestments":"0.00","Total Principal of Reinvestments":"0.00","Unscheduled Principal of Reinvestments":"0.00","Short Term Reinvestment Income":"14,200.91"},{"Month":"40","Date":"2023-08-21","End Balance":"399,999,999.99","Interest":"1,772,568.07","Scheduled Principal":"0.00","Unscheduled Principal":"0.00","Principal Payment":"0.00","Defaulted Balance":"0.00","Unrecovered Losses":"0.00","Recovered Principal":"0.00","Performing Balance":"399,999,999.99","Reinvestments Bought":"0.00","Balance of Reinvestments":"13,036,502.08","Interest of Reinvestments":"0.00","Defaulted of Reinvestments":"0.00","Loss of Reinvestments":"0.00","Recovery of Reinvestments":"0.00","Scheduled Principal of Reinvestments":"0.00","Total Principal of Reinvestments":"0.00","Unscheduled Principal of Reinvestments":"0.00","Short Term Reinvestment Income":"1,487.05"},{"Month":"41","Date":"2023-09-20","End Balance":"399,999,999.99","Interest":"1,901,291.71","Scheduled Principal":"0.00","Unscheduled Principal":"0.00","Principal Payment":"0.00","Defaulted Balance":"0.00","Unrecovered Losses":"0.00","Recovered Principal":"0.00","Performing Balance":"399,999,999.99","Reinvestments Bought":"0.00","Balance of Reinvestments":"13,036,502.08","Interest of Reinvestments":"0.00","Defaulted of Reinvestments":"0.00","Loss of Reinvestments":"0.00","Recovery of Reinvestments":"0.00","Scheduled Principal of Reinvestments":"0.00","Total Principal of Reinvestments":"0.00","Unscheduled Principal of Reinvestments":"0.00","Short Term Reinvestment Income":"4,583.51"},{"Month":"42","Date":"2023-10-20","End Balance":"399,999,999.99","Interest":"2,149,203.96","Scheduled Principal":"0.00","Unscheduled Principal":"0.00","Principal Payment":"0.00","Defaulted Balance":"0.00","Unrecovered Losses":"0.00","Recovered Principal":"0.00","Performing Balance":"399,999,999.99","Reinvestments Bought":"0.00","Balance of Reinvestments":"13,036,502.08","Interest of Reinvestments":"180,054.98","Defaulted of Reinvestments":"0.00","Loss of Reinvestments":"0.00","Recovery of Reinvestments":"0.00","Scheduled Principal of Reinvestments":"0.00","Total Principal of Reinvestments":"0.00","Unscheduled Principal of Reinvestments":"0.00","Short Term Reinvestment Income":"7,450.16"},{"Month":"43","Date":"2023-11-20","End Balance":"397,007,633.58","Interest":"1,791,279.02","Scheduled Principal":"2,992,366.41","Unscheduled Principal":"0.00","Principal Payment":"2,992,366.41","Defaulted Balance":"0.00","Unrecovered Losses":"0.00","Recovered Principal":"0.00","Performing Balance":"397,007,633.58","Reinvestments Bought":"0.00","Balance of Reinvestments":"13,036,502.08","Interest of Reinvestments":"0.00","Defaulted of Reinvestments":"0.00","Loss of Reinvestments":"0.00","Recovery of Reinvestments":"0.00","Scheduled Principal of Reinvestments":"0.00","Total Principal of Reinvestments":"0.00","Unscheduled Principal of Reinvestments":"0.00","Short Term Reinvestment Income":"1,986.40"},{"Month":"44","Date":"2023-12-20","End Balance":"394,794,435.90","Interest":"1,881,085.08","Scheduled Principal":"2,213,197.68","Unscheduled Principal":"0.00","Principal Payment":"2,213,197.68","Defaulted Balance":"0.00","Unrecovered Losses":"0.00","Recovered Principal":"0.00","Performing Balance":"394,794,435.90","Reinvestments Bought":"0.00","Balance of Reinvestments":"13,036,502.08","Interest of Reinvestments":"0.00","Defaulted of Reinvestments":"0.00","Loss of Reinvestments":"0.00","Recovery of Reinvestments":"0.00","Scheduled Principal of Reinvestments":"0.00","Total Principal of Reinvestments":"0.00","Unscheduled Principal of Reinvestments":"0.00","Short Term Reinvestment Income":"10,316.70"},{"Month":"45","Date":"2024-01-22","End Balance":"399,999,999.99","Interest":"2,090,786.41","Scheduled Principal":"0.00","Unscheduled Principal":"0.00","Principal Payment":"-5,205,564.09","Defaulted Balance":"0.00","Unrecovered Losses":"0.00","Recovered Principal":"0.00","Performing Balance":"399,999,999.99","Reinvestments Bought":"5,205,564.09","Balance of Reinvestments":"18,242,066.17","Interest of Reinvestments":"178,317.99","Defaulted of Reinvestments":"0.00","Loss of Reinvestments":"0.00","Recovery of Reinvestments":"0.00","Scheduled Principal of Reinvestments":"0.00","Total Principal of Reinvestments":"0.00","Unscheduled Principal of Reinvestments":"0.00","Short Term Reinvestment Income":"15,751.62"},{"Month":"46","Date":"2024-02-20","End Balance":"393,474,697.65","Interest":"1,842,322.68","Scheduled Principal":"6,525,302.34","Unscheduled Principal":"0.00","Principal Payment":"6,525,302.34","Defaulted Balance":"0.00","Unrecovered Losses":"0.00","Recovered Principal":"0.00","Performing Balance":"393,474,697.65","Reinvestments Bought":"0.00","Balance of Reinvestments":"18,242,066.17","Interest of Reinvestments":"0.00","Defaulted of Reinvestments":"0.00","Loss of Reinvestments":"0.00","Recovery of Reinvestments":"0.00","Scheduled Principal of Reinvestments":"0.00","Total Principal of Reinvestments":"0.00","Unscheduled Principal of Reinvestments":"0.00","Short Term Reinvestment Income":"6,318.52"},{"Month":"47","Date":"2024-03-20","End Balance":"391,999,232.53","Interest":"1,827,550.66","Scheduled Principal":"1,475,465.12","Unscheduled Principal":"0.00","Principal Payment":"1,475,465.12","Defaulted Balance":"0.00","Unrecovered Losses":"0.00","Recovered Principal":"0.00","Performing Balance":"391,999,232.53","Reinvestments Bought":"0.00","Balance of Reinvestments":"18,242,066.17","Interest of Reinvestments":"0.00","Defaulted of Reinvestments":"0.00","Loss of Reinvestments":"0.00","Recovery of Reinvestments":"0.00","Scheduled Principal of Reinvestments":"0.00","Total Principal of Reinvestments":"0.00","Unscheduled Principal of Reinvestments":"0.00","Short Term Reinvestment Income":"15,729.28"},{"Month":"48","Date":"2024-04-22","End Balance":"399,999,999.99","Interest":"2,132,433.09","Scheduled Principal":"2,213,197.68","Unscheduled Principal":"0.00","Principal Payment":"-8,000,767.46","Defaulted Balance":"0.00","Unrecovered Losses":"0.00","Recovered Principal":"0.00","Performing Balance":"399,999,999.99","Reinvestments Bought":"10,213,965.14","Balance of Reinvestments":"28,456,031.31","Interest of Reinvestments":"252,877.54","Defaulted of Reinvestments":"0.00","Loss of Reinvestments":"0.00","Recovery of Reinvestments":"0.00","Scheduled Principal of Reinvestments":"0.00","Total Principal of Reinvestments":"0.00","Unscheduled Principal of Reinvestments":"0.00","Short Term Reinvestment Income":"22,179.17"},{"Month":"49","Date":"2024-05-20","End Balance":"397,786,802.31","Interest":"1,749,792.57","Scheduled Principal":"2,213,197.68","Unscheduled Principal":"0.00","Principal Payment":"2,213,197.68","Defaulted Balance":"0.00","Unrecovered Losses":"0.00","Recovered Principal":"0.00","Performing Balance":"397,786,802.31","Reinvestments Bought":"0.00","Balance of Reinvestments":"28,456,031.31","Interest of Reinvestments":"0.00","Defaulted of Reinvestments":"0.00","Loss of Reinvestments":"0.00","Recovery of Reinvestments":"0.00","Scheduled Principal of Reinvestments":"0.00","Total Principal of Reinvestments":"0.00","Unscheduled Principal of Reinvestments":"0.00","Short Term Reinvestment Income":"2,803.35"},{"Month":"50","Date":"2024-06-20","End Balance":"394,098,139.51","Interest":"1,798,674.76","Scheduled Principal":"3,688,662.80","Unscheduled Principal":"0.00","Principal Payment":"3,688,662.80","Defaulted Balance":"0.00","Unrecovered Losses":"0.00","Recovered Principal":"0.00","Performing Balance":"394,098,139.51","Reinvestments Bought":"0.00","Balance of Reinvestments":"28,456,031.31","Interest of Reinvestments":"0.00","Defaulted of Reinvestments":"0.00","Loss of Reinvestments":"0.00","Recovery of Reinvestments":"0.00","Scheduled Principal of Reinvestments":"0.00","Total Principal of Reinvestments":"0.00","Unscheduled Principal of Reinvestments":"0.00","Short Term Reinvestment Income":"13,388.27"},{"Month":"51","Date":"2024-07-22","End Balance":"399,999,999.99","Interest":"2,276,446.79","Scheduled Principal":"3,688,662.80","Unscheduled Principal":"0.00","Principal Payment":"-5,901,860.48","Defaulted Balance":"0.00","Unrecovered Losses":"0.00","Recovered Principal":"0.00","Performing Balance":"399,999,999.99","Reinvestments Bought":"9,590,523.28","Balance of Reinvestments":"38,046,554.59","Interest of Reinvestments":"391,616.38","Defaulted of Reinvestments":"0.00","Loss of Reinvestments":"0.00","Recovery of Reinvestments":"0.00","Scheduled Principal of Reinvestments":"0.00","Total Principal of Reinvestments":"0.00","Unscheduled Principal of Reinvestments":"0.00","Short Term Reinvestment Income":"18,852.96"},{"Month":"52","Date":"2024-08-20","End Balance":"398,524,534.87","Interest":"1,680,823.11","Scheduled Principal":"1,475,465.12","Unscheduled Principal":"0.00","Principal Payment":"1,475,465.12","Defaulted Balance":"0.00","Unrecovered Losses":"0.00","Recovered Principal":"0.00","Performing Balance":"398,524,534.87","Reinvestments Bought":"0.00","Balance of Reinvestments":"38,046,554.59","Interest of Reinvestments":"0.00","Defaulted of Reinvestments":"0.00","Loss of Reinvestments":"0.00","Recovery of Reinvestments":"0.00","Scheduled Principal of Reinvestments":"0.00","Total Principal of Reinvestments":"0.00","Unscheduled Principal of Reinvestments":"0.00","Short Term Reinvestment Income":"3,262.80"},{"Month":"53","Date":"2024-09-20","End Balance":"391,835,872.07","Interest":"1,796,495.28","Scheduled Principal":"6,688,662.80","Unscheduled Principal":"0.00","Principal Payment":"6,688,662.80","Defaulted Balance":"0.00","Unrecovered Losses":"0.00","Recovered Principal":"0.00","Performing Balance":"391,835,872.07","Reinvestments Bought":"0.00","Balance of Reinvestments":"38,046,554.59","Interest of Reinvestments":"0.00","Defaulted of Reinvestments":"0.00","Loss of Reinvestments":"0.00","Recovery of Reinvestments":"0.00","Scheduled Principal of Reinvestments":"0.00","Total Principal of Reinvestments":"0.00","Unscheduled Principal of Reinvestments":"0.00","Short Term Reinvestment Income":"15,179.07"},{"Month":"54","Date":"2024-10-21","End Balance":"399,999,999.99","Interest":"2,259,045.73","Scheduled Principal":"9,367,147.54","Unscheduled Principal":"0.00","Principal Payment":"-8,164,127.92","Defaulted Balance":"0.00","Unrecovered Losses":"0.00","Recovered Principal":"0.00","Performing Balance":"399,999,999.99","Reinvestments Bought":"17,531,275.46","Balance of Reinvestments":"55,577,830.05","Interest of Reinvestments":"520,126.84","Defaulted of Reinvestments":"0.00","Loss of Reinvestments":"0.00","Recovery of Reinvestments":"0.00","Scheduled Principal of Reinvestments":"0.00","Total Principal of Reinvestments":"0.00","Unscheduled Principal of Reinvestments":"0.00","Short Term Reinvestment Income":"24,239.16"},{"Month":"55","Date":"2024-11-20","End Balance":"397,049,069.75","Interest":"1,672,845.10","Scheduled Principal":"2,950,930.24","Unscheduled Principal":"0.00","Principal Payment":"2,950,930.24","Defaulted Balance":"0.00","Unrecovered Losses":"0.00","Recovered Principal":"0.00","Performing Balance":"397,049,069.75","Reinvestments Bought":"0.00","Balance of Reinvestments":"55,577,830.05","Interest of Reinvestments":"0.00","Defaulted of Reinvestments":"0.00","Loss of Reinvestments":"0.00","Recovery of Reinvestments":"0.00","Scheduled Principal of Reinvestments":"0.00","Total Principal of Reinvestments":"0.00","Unscheduled Principal of Reinvestments":"0.00","Short Term Reinvestment Income":"3,995.63"},{"Month":"56","Date":"2024-12-20","End Balance":"388,934,011.59","Interest":"1,676,743.34","Scheduled Principal":"8,115,058.16","Unscheduled Principal":"0.00","Principal Payment":"8,115,058.16","Defaulted Balance":"0.00","Unrecovered Losses":"0.00","Recovered Principal":"0.00","Performing Balance":"388,934,011.59","Reinvestments Bought":"0.00","Balance of Reinvestments":"55,577,830.05","Interest of Reinvestments":"0.00","Defaulted of Reinvestments":"0.00","Loss of Reinvestments":"0.00","Recovery of Reinvestments":"0.00","Scheduled Principal of Reinvestments":"0.00","Total Principal of Reinvestments":"0.00","Unscheduled Principal of Reinvestments":"0.00","Short Term Reinvestment Income":"17,241.04"},{"Month":"57","Date":"2025-01-21","End Balance":"399,999,999.99","Interest":"2,401,821.39","Scheduled Principal":"6,950,930.24","Unscheduled Principal":"0.00","Principal Payment":"-11,065,988.40","Defaulted Balance":"0.00","Unrecovered Losses":"0.00","Recovered Principal":"0.00","Performing Balance":"399,999,999.99","Reinvestments Bought":"18,016,918.64","Balance of Reinvestments":"73,594,748.69","Interest of Reinvestments":"780,455.75","Defaulted of Reinvestments":"0.00","Loss of Reinvestments":"0.00","Recovery of Reinvestments":"0.00","Scheduled Principal of Reinvestments":"0.00","Total Principal of Reinvestments":"0.00","Unscheduled Principal of Reinvestments":"0.00","Short Term Reinvestment Income":"33,752.30"},{"Month":"58","Date":"2025-02-20","End Balance":"389,884,941.83","Interest":"1,624,021.40","Scheduled Principal":"10,115,058.16","Unscheduled Principal":"0.00","Principal Payment":"10,115,058.16","Defaulted Balance":"0.00","Unrecovered Losses":"0.00","Recovered Principal":"0.00","Performing Balance":"389,884,941.83","Reinvestments Bought":"0.00","Balance of Reinvestments":"73,594,748.69","Interest of Reinvestments":"0.00","Defaulted of Reinvestments":"0.00","Loss of Reinvestments":"0.00","Recovery of Reinvestments":"0.00","Scheduled Principal of Reinvestments":"0.00","Total Principal of Reinvestments":"0.00","Unscheduled Principal of Reinvestments":"0.00","Short Term Reinvestment Income":"4,626.91"},{"Month":"59","Date":"2025-03-20","End Balance":"376,724,265.90","Interest":"1,516,235.31","Scheduled Principal":"13,160,675.93","Unscheduled Principal":"0.00","Principal Payment":"13,160,675.93","Defaulted Balance":"0.00","Unrecovered Losses":"0.00","Recovered Principal":"0.00","Performing Balance":"376,724,265.90","Reinvestments Bought":"0.00","Balance of Reinvestments":"73,594,748.69","Interest of Reinvestments":"0.00","Defaulted of Reinvestments":"0.00","Loss of Reinvestments":"0.00","Recovery of Reinvestments":"0.00","Scheduled Principal of Reinvestments":"0.00","Total Principal of Reinvestments":"0.00","Unscheduled Principal of Reinvestments":"0.00","Short Term Reinvestment Income":"30,564.24"},{"Month":"60","Date":"2025-04-21","End Balance":"399,999,999.99","Interest":"2,446,081.64","Scheduled Principal":"15,885,784.92","Unscheduled Principal":"0.00","Principal Payment":"-23,275,734.09","Defaulted Balance":"0.00","Unrecovered Losses":"0.00","Recovered Principal":"0.00","Performing Balance":"399,999,999.99","Reinvestments Bought":"39,161,519.01","Balance of Reinvestments":"112,756,267.70","Interest of Reinvestments":"1,016,326.92","Defaulted of Reinvestments":"0.00","Loss of Reinvestments":"0.00","Recovery of Reinvestments":"0.00","Scheduled Principal of Reinvestments":"0.00","Total Principal of Reinvestments":"0.00","Unscheduled Principal of Reinvestments":"0.00","Short Term Reinvestment Income":"59,229.39"},{"Month":"61","Date":"2025-05-20","End Balance":"381,410,175.30","Interest":"1,428,284.09","Scheduled Principal":"18,589,824.69","Unscheduled Principal":"0.00","Principal Payment":"18,589,824.69","Defaulted Balance":"0.00","Unrecovered Losses":"0.00","Recovered Principal":"0.00","Performing Balance":"381,410,175.30","Reinvestments Bought":"0.00","Balance of Reinvestments":"112,756,267.70","Interest of Reinvestments":"0.00","Defaulted of Reinvestments":"0.00","Loss of Reinvestments":"0.00","Recovery of Reinvestments":"0.00","Scheduled Principal of Reinvestments":"0.00","Total Principal of Reinvestments":"0.00","Unscheduled Principal of Reinvestments":"0.00","Short Term Reinvestment Income":"16,556.55"},{"Month":"62","Date":"2025-06-20","End Balance":"374,770,582.26","Interest":"1,329,347.14","Scheduled Principal":"6,639,593.04","Unscheduled Principal":"0.00","Principal Payment":"6,639,593.04","Defaulted Balance":"0.00","Unrecovered Losses":"0.00","Recovered Principal":"0.00","Performing Balance":"374,770,582.26","Reinvestments Bought":"0.00","Balance of Reinvestments":"112,756,267.70","Interest of Reinvestments":"0.00","Defaulted of Reinvestments":"0.00","Loss of Reinvestments":"0.00","Recovery of Reinvestments":"0.00","Scheduled Principal of Reinvestments":"0.00","Total Principal of Reinvestments":"0.00","Unscheduled Principal of Reinvestments":"0.00","Short Term Reinvestment Income":"41,344.27"},{"Month":"63","Date":"2025-07-21","End Balance":"361,719,643.86","Interest":"2,963,580.27","Scheduled Principal":"13,050,938.40","Unscheduled Principal":"0.00","Principal Payment":"13,050,938.40","Defaulted Balance":"0.00","Unrecovered Losses":"0.00","Recovered Principal":"0.00","Performing Balance":"361,719,643.86","Reinvestments Bought":"0.00","Balance of Reinvestments":"112,756,267.70","Interest of Reinvestments":"1,600,565.07","Defaulted of Reinvestments":"0.00","Loss of Reinvestments":"0.00","Recovery of Reinvestments":"0.00","Scheduled Principal of Reinvestments":"0.00","Total Principal of Reinvestments":"0.00","Unscheduled Principal of Reinvestments":"0.00","Short Term Reinvestment Income":"57,588.76"},{"Month":"64","Date":"2025-08-20","End Balance":"354,342,318.26","Interest":"1,210,950.96","Scheduled Principal":"7,377,325.60","Unscheduled Principal":"0.00","Principal Payment":"7,377,325.60","Defaulted Balance":"0.00","Unrecovered Losses":"0.00","Recovered Principal":"0.00","Performing Balance":"354,342,318.26","Reinvestments Bought":"0.00","Balance of Reinvestments":"112,756,267.70","Interest of Reinvestments":"0.00","Defaulted of Reinvestments":"0.00","Loss of Reinvestments":"0.00","Recovery of Reinvestments":"0.00","Scheduled Principal of Reinvestments":"0.00","Total Principal of Reinvestments":"0.00","Unscheduled Principal of Reinvestments":"0.00","Short Term Reinvestment Income":"4,776.38"},{"Month":"65","Date":"2025-09-22","End Balance":"344,830,577.65","Interest":"1,229,802.31","Scheduled Principal":"9,511,740.61","Unscheduled Principal":"0.00","Principal Payment":"9,511,740.61","Defaulted Balance":"0.00","Unrecovered Losses":"0.00","Recovered Principal":"0.00","Performing Balance":"344,830,577.65","Reinvestments Bought":"0.00","Balance of Reinvestments":"112,756,267.70","Interest of Reinvestments":"0.00","Defaulted of Reinvestments":"0.00","Loss of Reinvestments":"0.00","Recovery of Reinvestments":"0.00","Scheduled Principal of Reinvestments":"0.00","Total Principal of Reinvestments":"0.00","Unscheduled Principal of Reinvestments":"0.00","Short Term Reinvestment Income":"25,455.23"},{"Month":"66","Date":"2025-10-20","End Balance":"330,813,659.01","Interest":"2,741,371.76","Scheduled Principal":"14,016,918.64","Unscheduled Principal":"0.00","Principal Payment":"14,016,918.64","Defaulted Balance":"0.00","Unrecovered Losses":"0.00","Recovered Principal":"0.00","Performing Balance":"330,813,659.01","Reinvestments Bought":"0.00","Balance of Reinvestments":"112,756,267.70","Interest of Reinvestments":"1,573,823.80","Defaulted of Reinvestments":"0.00","Loss of Reinvestments":"0.00","Recovery of Reinvestments":"0.00","Scheduled Principal of Reinvestments":"0.00","Total Principal of Reinvestments":"0.00","Unscheduled Principal of Reinvestments":"0.00","Short Term Reinvestment Income":"39,416.42"},{"Month":"67","Date":"2025-11-20","End Balance":"310,894,879.89","Interest":"1,096,415.59","Scheduled Principal":"19,918,779.12","Unscheduled Principal":"0.00","Principal Payment":"19,918,779.12","Defaulted Balance":"0.00","Unrecovered Losses":"0.00","Recovered Principal":"0.00","Performing Balance":"310,894,879.89","Reinvestments Bought":"0.00","Balance of Reinvestments":"112,756,267.70","Interest of Reinvestments":"0.00","Defaulted of Reinvestments":"0.00","Loss of Reinvestments":"0.00","Recovery of Reinvestments":"0.00","Scheduled Principal of Reinvestments":"0.00","Total Principal of Reinvestments":"0.00","Unscheduled Principal of Reinvestments":"0.00","Short Term Reinvestment Income":"17,265.91"},{"Month":"68","Date":"2025-12-22","End Balance":"309,419,414.77","Interest":"1,007,918.25","Scheduled Principal":"1,475,465.12","Unscheduled Principal":"0.00","Principal Payment":"1,475,465.12","Defaulted Balance":"0.00","Unrecovered Losses":"0.00","Recovered Principal":"0.00","Performing Balance":"309,419,414.77","Reinvestments Bought":"0.00","Balance of Reinvestments":"112,756,267.70","Interest of Reinvestments":"0.00","Defaulted of Reinvestments":"0.00","Loss of Reinvestments":"0.00","Recovery of Reinvestments":"0.00","Scheduled Principal of Reinvestments":"0.00","Total Principal of Reinvestments":"0.00","Unscheduled Principal of Reinvestments":"0.00","Short Term Reinvestment Income":"39,947.23"},{"Month":"69","Date":"2026-01-20","End Balance":"301,304,356.61","Interest":"2,606,275.71","Scheduled Principal":"8,115,058.16","Unscheduled Principal":"0.00","Principal Payment":"8,115,058.16","Defaulted Balance":"0.00","Unrecovered Losses":"0.00","Recovered Principal":"0.00","Performing Balance":"301,304,356.61","Reinvestments Bought":"0.00","Balance of Reinvestments":"112,756,267.70","Interest of Reinvestments":"1,615,817.11","Defaulted of Reinvestments":"0.00","Loss of Reinvestments":"0.00","Recovery of Reinvestments":"0.00","Scheduled Principal of Reinvestments":"0.00","Total Principal of Reinvestments":"0.00","Unscheduled Principal of Reinvestments":"0.00","Short Term Reinvestment Income":"49,806.84"},{"Month":"70","Date":"2026-02-20","End Balance":"295,825,507.76","Interest":"975,280.14","Scheduled Principal":"5,478,848.85","Unscheduled Principal":"0.00","Principal Payment":"5,478,848.85","Defaulted Balance":"0.00","Unrecovered Losses":"0.00","Recovered Principal":"0.00","Performing Balance":"295,825,507.76","Reinvestments Bought":"0.00","Balance of Reinvestments":"112,756,267.70","Interest of Reinvestments":"0.00","Defaulted of Reinvestments":"0.00","Loss of Reinvestments":"0.00","Recovery of Reinvestments":"0.00","Scheduled Principal of Reinvestments":"0.00","Total Principal of Reinvestments":"0.00","Unscheduled Principal of Reinvestments":"0.00","Short Term Reinvestment Income":"2,203.25"},{"Month":"71","Date":"2026-03-20","End Balance":"285,190,926.48","Interest":"912,687.90","Scheduled Principal":"10,634,581.28","Unscheduled Principal":"0.00","Principal Payment":"10,634,581.28","Defaulted Balance":"0.00","Unrecovered Losses":"0.00","Recovered Principal":"0.00","Performing Balance":"285,190,926.48","Reinvestments Bought":"0.00","Balance of Reinvestments":"112,756,267.70","Interest of Reinvestments":"0.00","Defaulted of Reinvestments":"0.00","Loss of Reinvestments":"0.00","Recovery of Reinvestments":"0.00","Scheduled Principal of Reinvestments":"0.00","Total Principal of Reinvestments":"0.00","Unscheduled Principal of Reinvestments":"0.00","Short Term Reinvestment Income":"16,357.84"},{"Month":"72","Date":"2026-04-20","End Balance":"275,839,315.01","Interest":"2,437,701.91","Scheduled Principal":"9,351,611.47","Unscheduled Principal":"0.00","Principal Payment":"9,351,611.47","Defaulted Balance":"0.00","Unrecovered Losses":"0.00","Recovered Principal":"0.00","Performing Balance":"275,839,315.01","Reinvestments Bought":"0.00","Balance of Reinvestments":"112,756,267.70","Interest of Reinvestments":"1,603,675.02","Defaulted of Reinvestments":"0.00","Loss of Reinvestments":"0.00","Recovery of Reinvestments":"0.00","Scheduled Principal of Reinvestments":"0.00","Total Principal of Reinvestments":"0.00","Unscheduled Principal of Reinvestments":"0.00","Short Term Reinvestment Income":"41,407.03"},{"Month":"73","Date":"2026-05-20","End Balance":"255,408,822.37","Interest":"832,582.65","Scheduled Principal":"20,430,492.64","Unscheduled Principal":"0.00","Principal Payment":"20,430,492.64","Defaulted Balance":"0.00","Unrecovered Losses":"0.00","Recovered Principal":"0.00","Performing Balance":"255,408,822.37","Reinvestments Bought":"0.00","Balance of Reinvestments":"112,756,267.70","Interest of Reinvestments":"0.00","Defaulted of Reinvestments":"0.00","Loss of Reinvestments":"0.00","Recovery of Reinvestments":"0.00","Scheduled Principal of Reinvestments":"0.00","Total Principal of Reinvestments":"0.00","Unscheduled Principal of Reinvestments":"0.00","Short Term Reinvestment Income":"20,802.10"},{"Month":"74","Date":"2026-06-22","End Balance":"237,921,438.61","Interest":"710,390.86","Scheduled Principal":"17,487,383.76","Unscheduled Principal":"0.00","Principal Payment":"17,487,383.76","Defaulted Balance":"0.00","Unrecovered Losses":"0.00","Recovered Principal":"0.00","Performing Balance":"237,921,438.61","Reinvestments Bought":"0.00","Balance of Reinvestments":"112,756,267.70","Interest of Reinvestments":"0.00","Defaulted of Reinvestments":"0.00","Loss of Reinvestments":"0.00","Recovery of Reinvestments":"0.00","Scheduled Principal of Reinvestments":"0.00","Total Principal of Reinvestments":"0.00","Unscheduled Principal of Reinvestments":"0.00","Short Term Reinvestment Income":"60,348.85"},{"Month":"75","Date":"2026-07-20","End Balance":"218,970,688.57","Interest":"2,236,088.60","Scheduled Principal":"18,950,750.04","Unscheduled Principal":"0.00","Principal Payment":"18,950,750.04","Defaulted Balance":"0.00","Unrecovered Losses":"0.00","Recovered Principal":"0.00","Performing Balance":"218,970,688.57","Reinvestments Bought":"0.00","Balance of Reinvestments":"112,756,267.70","Interest of Reinvestments":"1,607,873.40","Defaulted of Reinvestments":"0.00","Loss of Reinvestments":"0.00","Recovery of Reinvestments":"0.00","Scheduled Principal of Reinvestments":"0.00","Total Principal of Reinvestments":"0.00","Unscheduled Principal of Reinvestments":"0.00","Short Term Reinvestment Income":"87,460.88"},{"Month":"76","Date":"2026-08-20","End Balance":"202,564,351.85","Interest":"524,910.54","Scheduled Principal":"16,406,336.72","Unscheduled Principal":"0.00","Principal Payment":"16,406,336.72","Defaulted Balance":"0.00","Unrecovered Losses":"0.00","Recovered Principal":"0.00","Performing Balance":"202,564,351.85","Reinvestments Bought":"0.00","Balance of Reinvestments":"112,756,267.70","Interest of Reinvestments":"0.00","Defaulted of Reinvestments":"0.00","Loss of Reinvestments":"0.00","Recovery of Reinvestments":"0.00","Scheduled Principal of Reinvestments":"0.00","Total Principal of Reinvestments":"0.00","Unscheduled Principal of Reinvestments":"0.00","Short Term Reinvestment Income":"12,316.54"},{"Month":"77","Date":"2026-09-21","End Balance":"184,994,815.42","Interest":"450,495.07","Scheduled Principal":"17,569,536.43","Unscheduled Principal":"0.00","Principal Payment":"17,569,536.43","Defaulted Balance":"0.00","Unrecovered Losses":"0.00","Recovered Principal":"0.00","Performing Balance":"184,994,815.42","Reinvestments Bought":"0.00","Balance of Reinvestments":"112,756,267.70","Interest of Reinvestments":"0.00","Defaulted of Reinvestments":"0.00","Loss of Reinvestments":"0.00","Recovery of Reinvestments":"0.00","Scheduled Principal of Reinvestments":"0.00","Total Principal of Reinvestments":"0.00","Unscheduled Principal of Reinvestments":"0.00","Short Term Reinvestment Income":"53,574.10"},{"Month":"78","Date":"2026-10-20","End Balance":"157,887,478.20","Interest":"1,970,067.60","Scheduled Principal":"27,107,337.22","Unscheduled Principal":"0.00","Principal Payment":"27,107,337.22","Defaulted Balance":"0.00","Unrecovered Losses":"0.00","Recovered Principal":"0.00","Performing Balance":"157,887,478.20","Reinvestments Bought":"0.00","Balance of Reinvestments":"112,756,267.70","Interest of Reinvestments":"1,612,379.61","Defaulted of Reinvestments":"0.00","Loss of Reinvestments":"0.00","Recovery of Reinvestments":"0.00","Scheduled Principal of Reinvestments":"0.00","Total Principal of Reinvestments":"0.00","Unscheduled Principal of Reinvestments":"0.00","Short Term Reinvestment Income":"79,401.87"},{"Month":"79","Date":"2026-11-20","End Balance":"129,387,140.97","Interest":"219,664.97","Scheduled Principal":"28,500,337.23","Unscheduled Principal":"0.00","Principal Payment":"28,500,337.23","Defaulted Balance":"0.00","Unrecovered Losses":"0.00","Recovered Principal":"0.00","Performing Balance":"129,387,140.97","Reinvestments Bought":"0.00","Balance of Reinvestments":"112,756,267.70","Interest of Reinvestments":"0.00","Defaulted of Reinvestments":"0.00","Loss of Reinvestments":"0.00","Recovery of Reinvestments":"0.00","Scheduled Principal of Reinvestments":"0.00","Total Principal of Reinvestments":"0.00","Unscheduled Principal of Reinvestments":"0.00","Short Term Reinvestment Income":"26,814.54"},{"Month":"80","Date":"2026-12-21","End Balance":"121,474,540.97","Interest":"81,777.17","Scheduled Principal":"7,912,600.00","Unscheduled Principal":"0.00","Principal Payment":"7,912,600.00","Defaulted Balance":"0.00","Unrecovered Losses":"0.00","Recovered Principal":"0.00","Performing Balance":"121,474,540.97","Reinvestments Bought":"0.00","Balance of Reinvestments":"112,756,267.70","Interest of Reinvestments":"0.00","Defaulted of Reinvestments":"0.00","Loss of Reinvestments":"0.00","Recovery of Reinvestments":"0.00","Scheduled Principal of Reinvestments":"0.00","Total Principal of Reinvestments":"0.00","Unscheduled Principal of Reinvestments":"0.00","Short Term Reinvestment Income":"61,210.11"},{"Month":"81","Date":"2027-01-20","End Balance":"119,261,343.29","Interest":"1,671,686.80","Scheduled Principal":"2,213,197.68","Unscheduled Principal":"0.00","Principal Payment":"2,213,197.68","Defaulted Balance":"0.00","Unrecovered Losses":"0.00","Recovered Principal":"0.00","Performing Balance":"119,261,343.29","Reinvestments Bought":"0.00","Balance of Reinvestments":"112,756,267.70","Interest of Reinvestments":"1,635,434.70","Defaulted of Reinvestments":"0.00","Loss of Reinvestments":"0.00","Recovery of Reinvestments":"0.00","Scheduled Principal of Reinvestments":"0.00","Total Principal of Reinvestments":"0.00","Unscheduled Principal of Reinvestments":"0.00","Short Term Reinvestment Income":"72,906.75"},{"Month":"82","Date":"2027-02-22","End Balance":"119,261,343.29","Interest":"26,857.56","Scheduled Principal":"0.00","Unscheduled Principal":"0.00","Principal Payment":"0.00","Defaulted Balance":"0.00","Unrecovered Losses":"0.00","Recovered Principal":"0.00","Performing Balance":"119,261,343.29","Reinvestments Bought":"0.00","Balance of Reinvestments":"112,756,267.70","Interest of Reinvestments":"0.00","Defaulted of Reinvestments":"0.00","Loss of Reinvestments":"0.00","Recovery of Reinvestments":"0.00","Scheduled Principal of Reinvestments":"0.00","Total Principal of Reinvestments":"0.00","Unscheduled Principal of Reinvestments":"0.00","Short Term Reinvestment Income":"28.53"},{"Month":"83","Date":"2027-03-22","End Balance":"119,261,343.29","Interest":"25,987.51","Scheduled Principal":"0.00","Unscheduled Principal":"0.00","Principal Payment":"0.00","Defaulted Balance":"0.00","Unrecovered Losses":"0.00","Recovered Principal":"0.00","Performing Balance":"119,261,343.29","Reinvestments Bought":"0.00","Balance of Reinvestments":"112,756,267.70","Interest of Reinvestments":"0.00","Defaulted of Reinvestments":"0.00","Loss of Reinvestments":"0.00","Recovery of Reinvestments":"0.00","Scheduled Principal of Reinvestments":"0.00","Total Principal of Reinvestments":"0.00","Unscheduled Principal of Reinvestments":"0.00","Short Term Reinvestment Income":"71.14"},{"Month":"84","Date":"2027-04-20","End Balance":"119,261,343.29","Interest":"1,649,030.50","Scheduled Principal":"0.00","Unscheduled Principal":"0.00","Principal Payment":"0.00","Defaulted Balance":"0.00","Unrecovered Losses":"0.00","Recovered Principal":"0.00","Performing Balance":"119,261,343.29","Reinvestments Bought":"0.00","Balance of Reinvestments":"112,756,267.70","Interest of Reinvestments":"1,623,783.37","Defaulted of Reinvestments":"0.00","Loss of Reinvestments":"0.00","Recovery of Reinvestments":"0.00","Scheduled Principal of Reinvestments":"0.00","Total Principal of Reinvestments":"0.00","Unscheduled Principal of Reinvestments":"0.00","Short Term Reinvestment Income":"131.94"},{"Month":"85","Date":"2027-05-20","End Balance":"116,707,197.94","Interest":"26,682.51","Scheduled Principal":"2,554,145.35","Unscheduled Principal":"0.00","Principal Payment":"2,554,145.35","Defaulted Balance":"0.00","Unrecovered Losses":"0.00","Recovered Principal":"0.00","Performing Balance":"116,707,197.94","Reinvestments Bought":"0.00","Balance of Reinvestments":"112,756,267.70","Interest of Reinvestments":"0.00","Defaulted of Reinvestments":"0.00","Loss of Reinvestments":"0.00","Recovery of Reinvestments":"0.00","Scheduled Principal of Reinvestments":"0.00","Total Principal of Reinvestments":"0.00","Unscheduled Principal of Reinvestments":"0.00","Short Term Reinvestment Income":"3,654.20"},{"Month":"86","Date":"2027-06-21","End Balance":"116,707,197.94","Interest":"15,917.39","Scheduled Principal":"0.00","Unscheduled Principal":"0.00","Principal Payment":"0.00","Defaulted Balance":"0.00","Unrecovered Losses":"0.00","Recovered Principal":"0.00","Performing Balance":"116,707,197.94","Reinvestments Bought":"0.00","Balance of Reinvestments":"112,756,267.70","Interest of Reinvestments":"0.00","Defaulted of Reinvestments":"0.00","Loss of Reinvestments":"0.00","Recovery of Reinvestments":"0.00","Scheduled Principal of Reinvestments":"0.00","Total Principal of Reinvestments":"0.00","Unscheduled Principal of Reinvestments":"0.00","Short Term Reinvestment Income":"4,968.07"},{"Month":"87","Date":"2027-07-20","End Balance":"116,707,197.94","Interest":"1,646,561.37","Scheduled Principal":"0.00","Unscheduled Principal":"0.00","Principal Payment":"0.00","Defaulted Balance":"0.00","Unrecovered Losses":"0.00","Recovered Principal":"0.00","Performing Balance":"116,707,197.94","Reinvestments Bought":"0.00","Balance of Reinvestments":"112,756,267.70","Interest of Reinvestments":"1,630,706.58","Defaulted of Reinvestments":"0.00","Loss of Reinvestments":"0.00","Recovery of Reinvestments":"0.00","Scheduled Principal of Reinvestments":"0.00","Total Principal of Reinvestments":"0.00","Unscheduled Principal of Reinvestments":"0.00","Short Term Reinvestment Income":"4,853.96"},{"Month":"88","Date":"2027-08-20","End Balance":"116,707,197.94","Interest":"15,971.33","Scheduled Principal":"0.00","Unscheduled Principal":"0.00","Principal Payment":"0.00","Defaulted Balance":"0.00","Unrecovered Losses":"0.00","Recovered Principal":"0.00","Performing Balance":"116,707,197.94","Reinvestments Bought":"0.00","Balance of Reinvestments":"112,756,267.70","Interest of Reinvestments":"0.00","Defaulted of Reinvestments":"0.00","Loss of Reinvestments":"0.00","Recovery of Reinvestments":"0.00","Scheduled Principal of Reinvestments":"0.00","Total Principal of Reinvestments":"0.00","Unscheduled Principal of Reinvestments":"0.00","Short Term Reinvestment Income":"14.44"},{"Month":"89","Date":"2027-09-20","End Balance":"116,707,197.94","Interest":"16,212.73","Scheduled Principal":"0.00","Unscheduled Principal":"0.00","Principal Payment":"0.00","Defaulted Balance":"0.00","Unrecovered Losses":"0.00","Recovered Principal":"0.00","Performing Balance":"116,707,197.94","Reinvestments Bought":"0.00","Balance of Reinvestments":"112,756,267.70","Interest of Reinvestments":"0.00","Defaulted of Reinvestments":"0.00","Loss of Reinvestments":"0.00","Recovery of Reinvestments":"0.00","Scheduled Principal of Reinvestments":"0.00","Total Principal of Reinvestments":"0.00","Unscheduled Principal of Reinvestments":"0.00","Short Term Reinvestment Income":"45.78"},{"Month":"90","Date":"2027-10-20","End Balance":"116,707,197.94","Interest":"1,653,035.32","Scheduled Principal":"0.00","Unscheduled Principal":"0.00","Principal Payment":"0.00","Defaulted Balance":"0.00","Unrecovered Losses":"0.00","Recovered Principal":"0.00","Performing Balance":"116,707,197.94","Reinvestments Bought":"0.00","Balance of Reinvestments":"112,756,267.70","Interest of Reinvestments":"1,637,105.34","Defaulted of Reinvestments":"0.00","Loss of Reinvestments":"0.00","Recovery of Reinvestments":"0.00","Scheduled Principal of Reinvestments":"0.00","Total Principal of Reinvestments":"0.00","Unscheduled Principal of Reinvestments":"0.00","Short Term Reinvestment Income":"71.83"},{"Month":"91","Date":"2027-11-22","End Balance":"116,707,197.94","Interest":"16,042.63","Scheduled Principal":"0.00","Unscheduled Principal":"0.00","Principal Payment":"0.00","Defaulted Balance":"0.00","Unrecovered Losses":"0.00","Recovered Principal":"0.00","Performing Balance":"116,707,197.94","Reinvestments Bought":"0.00","Balance of Reinvestments":"112,756,267.70","Interest of Reinvestments":"0.00","Defaulted of Reinvestments":"0.00","Loss of Reinvestments":"0.00","Recovery of Reinvestments":"0.00","Scheduled Principal of Reinvestments":"0.00","Total Principal of Reinvestments":"0.00","Unscheduled Principal of Reinvestments":"0.00","Short Term Reinvestment Income":"13.61"},{"Month":"92","Date":"2027-12-20","End Balance":"114,969,465.38","Interest":"15,972.76","Scheduled Principal":"1,737,732.56","Unscheduled Principal":"0.00","Principal Payment":"1,737,732.56","Defaulted Balance":"0.00","Unrecovered Losses":"0.00","Recovered Principal":"0.00","Performing Balance":"114,969,465.38","Reinvestments Bought":"0.00","Balance of Reinvestments":"112,756,267.70","Interest of Reinvestments":"0.00","Defaulted of Reinvestments":"0.00","Loss of Reinvestments":"0.00","Recovery of Reinvestments":"0.00","Scheduled Principal of Reinvestments":"0.00","Total Principal of Reinvestments":"0.00","Unscheduled Principal of Reinvestments":"0.00","Short Term Reinvestment Income":"2,452.26"},{"Month":"93","Date":"2028-01-20","End Balance":"114,969,465.38","Interest":"1,670,055.67","Scheduled Principal":"0.00","Unscheduled Principal":"0.00","Principal Payment":"0.00","Defaulted Balance":"0.00","Unrecovered Losses":"0.00","Recovered Principal":"0.00","Performing Balance":"114,969,465.38","Reinvestments Bought":"0.00","Balance of Reinvestments":"112,756,267.70","Interest of Reinvestments":"1,660,501.29","Defaulted of Reinvestments":"0.00","Loss of Reinvestments":"0.00","Recovery of Reinvestments":"0.00","Scheduled Principal of Reinvestments":"0.00","Total Principal of Reinvestments":"0.00","Unscheduled Principal of Reinvestments":"0.00","Short Term Reinvestment Income":"3,467.99"},{"Month":"94","Date":"2028-02-22","End Balance":"112,756,267.70","Interest":"9,564.00","Scheduled Principal":"2,213,197.68","Unscheduled Principal":"0.00","Principal Payment":"2,213,197.68","Defaulted Balance":"0.00","Unrecovered Losses":"0.00","Recovered Principal":"0.00","Performing Balance":"112,756,267.70","Reinvestments Bought":"0.00","Balance of Reinvestments":"112,756,267.70","Interest of Reinvestments":"0.00","Defaulted of Reinvestments":"0.00","Loss of Reinvestments":"0.00","Recovery of Reinvestments":"0.00","Scheduled Principal of Reinvestments":"0.00","Total Principal of Reinvestments":"0.00","Unscheduled Principal of Reinvestments":"0.00","Short Term Reinvestment Income":"985.93"},{"Month":"95","Date":"2028-03-20","End Balance":"112,756,267.70","Interest":"0.00","Scheduled Principal":"0.00","Unscheduled Principal":"0.00","Principal Payment":"0.00","Defaulted Balance":"0.00","Unrecovered Losses":"0.00","Recovered Principal":"0.00","Performing Balance":"112,756,267.70","Reinvestments Bought":"0.00","Balance of Reinvestments":"112,756,267.70","Interest of Reinvestments":"0.00","Defaulted of Reinvestments":"0.00","Loss of Reinvestments":"0.00","Recovery of Reinvestments":"0.00","Scheduled Principal of Reinvestments":"0.00","Total Principal of Reinvestments":"0.00","Unscheduled Principal of Reinvestments":"0.00","Short Term Reinvestment Income":"4,084.57"},{"Month":"96","Date":"2028-04-20","End Balance":"109,772,556.34","Interest":"1,646,605.15","Scheduled Principal":"2,983,711.36","Unscheduled Principal":"0.00","Principal Payment":"2,983,711.36","Defaulted Balance":"0.00","Unrecovered Losses":"0.00","Recovered Principal":"0.00","Performing Balance":"109,772,556.34","Reinvestments Bought":"0.00","Balance of Reinvestments":"109,772,556.34","Interest of Reinvestments":"1,646,605.15","Defaulted of Reinvestments":"0.00","Loss of Reinvestments":"0.00","Recovery of Reinvestments":"0.00","Scheduled Principal of Reinvestments":"2,983,711.36","Total Principal of Reinvestments":"2,983,711.36","Unscheduled Principal of Reinvestments":"0.00","Short Term Reinvestment Income":"4,373.36"},{"Month":"97","Date":"2028-05-22","End Balance":"109,772,556.34","Interest":"0.00","Scheduled Principal":"0.00","Unscheduled Principal":"0.00","Principal Payment":"0.00","Defaulted Balance":"0.00","Unrecovered Losses":"0.00","Recovered Principal":"0.00","Performing Balance":"109,772,556.34","Reinvestments Bought":"0.00","Balance of Reinvestments":"109,772,556.34","Interest of Reinvestments":"0.00","Defaulted of Reinvestments":"0.00","Loss of Reinvestments":"0.00","Recovery of Reinvestments":"0.00","Scheduled Principal of Reinvestments":"0.00","Total Principal of Reinvestments":"0.00","Unscheduled Principal of Reinvestments":"0.00","Short Term Reinvestment Income":"0.00"},{"Month":"98","Date":"2028-06-20","End Balance":"109,772,556.34","Interest":"0.00","Scheduled Principal":"0.00","Unscheduled Principal":"0.00","Principal Payment":"0.00","Defaulted Balance":"0.00","Unrecovered Losses":"0.00","Recovered Principal":"0.00","Performing Balance":"109,772,556.34","Reinvestments Bought":"0.00","Balance of Reinvestments":"109,772,556.34","Interest of Reinvestments":"0.00","Defaulted of Reinvestments":"0.00","Loss of Reinvestments":"0.00","Recovery of Reinvestments":"0.00","Scheduled Principal of Reinvestments":"0.00","Total Principal of Reinvestments":"0.00","Unscheduled Principal of Reinvestments":"0.00","Short Term Reinvestment Income":"0.00"},{"Month":"99","Date":"2028-07-20","End Balance":"109,772,556.34","Interest":"1,659,242.74","Scheduled Principal":"0.00","Unscheduled Principal":"0.00","Principal Payment":"0.00","Defaulted Balance":"0.00","Unrecovered Losses":"0.00","Recovered Principal":"0.00","Performing Balance":"109,772,556.34","Reinvestments Bought":"0.00","Balance of Reinvestments":"109,772,556.34","Interest of Reinvestments":"1,659,242.74","Defaulted of Reinvestments":"0.00","Loss of Reinvestments":"0.00","Recovery of Reinvestments":"0.00","Scheduled Principal of Reinvestments":"0.00","Total Principal of Reinvestments":"0.00","Unscheduled Principal of Reinvestments":"0.00","Short Term Reinvestment Income":"0.00"},{"Month":"100","Date":"2028-08-21","End Balance":"109,772,556.34","Interest":"0.00","Scheduled Principal":"0.00","Unscheduled Principal":"0.00","Principal Payment":"0.00","Defaulted Balance":"0.00","Unrecovered Losses":"0.00","Recovered Principal":"0.00","Performing Balance":"109,772,556.34","Reinvestments Bought":"0.00","Balance of Reinvestments":"109,772,556.34","Interest of Reinvestments":"0.00","Defaulted of Reinvestments":"0.00","Loss of Reinvestments":"0.00","Recovery of Reinvestments":"0.00","Scheduled Principal of Reinvestments":"0.00","Total Principal of Reinvestments":"0.00","Unscheduled Principal of Reinvestments":"0.00","Short Term Reinvestment Income":"0.00"},{"Month":"101","Date":"2028-09-20","End Balance":"109,772,556.34","Interest":"0.00","Scheduled Principal":"0.00","Unscheduled Principal":"0.00","Principal Payment":"0.00","Defaulted Balance":"0.00","Unrecovered Losses":"0.00","Recovered Principal":"0.00","Performing Balance":"109,772,556.34","Reinvestments Bought":"0.00","Balance of Reinvestments":"109,772,556.34","Interest of Reinvestments":"0.00","Defaulted of Reinvestments":"0.00","Loss of Reinvestments":"0.00","Recovery of Reinvestments":"0.00","Scheduled Principal of Reinvestments":"0.00","Total Principal of Reinvestments":"0.00","Unscheduled Principal of Reinvestments":"0.00","Short Term Reinvestment Income":"0.00"},{"Month":"102","Date":"2028-10-20","End Balance":"109,772,556.34","Interest":"1,627,754.91","Scheduled Principal":"0.00","Unscheduled Principal":"0.00","Principal Payment":"0.00","Defaulted Balance":"0.00","Unrecovered Losses":"0.00","Recovered Principal":"0.00","Performing Balance":"109,772,556.34","Reinvestments Bought":"0.00","Balance of Reinvestments":"109,772,556.34","Interest of Reinvestments":"1,627,754.91","Defaulted of Reinvestments":"0.00","Loss of Reinvestments":"0.00","Recovery of Reinvestments":"0.00","Scheduled Principal of Reinvestments":"0.00","Total Principal of Reinvestments":"0.00","Unscheduled Principal of Reinvestments":"0.00","Short Term Reinvestment Income":"0.00"},{"Month":"103","Date":"2028-11-20","End Balance":"109,772,556.34","Interest":"0.00","Scheduled Principal":"0.00","Unscheduled Principal":"0.00","Principal Payment":"0.00","Defaulted Balance":"0.00","Unrecovered Losses":"0.00","Recovered Principal":"0.00","Performing Balance":"109,772,556.34","Reinvestments Bought":"0.00","Balance of Reinvestments":"109,772,556.34","Interest of Reinvestments":"0.00","Defaulted of Reinvestments":"0.00","Loss of Reinvestments":"0.00","Recovery of Reinvestments":"0.00","Scheduled Principal of Reinvestments":"0.00","Total Principal of Reinvestments":"0.00","Unscheduled Principal of Reinvestments":"0.00","Short Term Reinvestment Income":"0.00"},{"Month":"104","Date":"2028-12-20","End Balance":"109,772,556.34","Interest":"0.00","Scheduled Principal":"0.00","Unscheduled Principal":"0.00","Principal Payment":"0.00","Defaulted Balance":"0.00","Unrecovered Losses":"0.00","Recovered Principal":"0.00","Performing Balance":"109,772,556.34","Reinvestments Bought":"0.00","Balance of Reinvestments":"109,772,556.34","Interest of Reinvestments":"0.00","Defaulted of Reinvestments":"0.00","Loss of Reinvestments":"0.00","Recovery of Reinvestments":"0.00","Scheduled Principal of Reinvestments":"0.00","Total Principal of Reinvestments":"0.00","Unscheduled Principal of Reinvestments":"0.00","Short Term Reinvestment Income":"0.00"},{"Month":"105","Date":"2029-01-22","End Balance":"107,559,358.66","Interest":"1,614,781.87","Scheduled Principal":"2,213,197.68","Unscheduled Principal":"0.00","Principal Payment":"2,213,197.68","Defaulted Balance":"0.00","Unrecovered Losses":"0.00","Recovered Principal":"0.00","Performing Balance":"107,559,358.66","Reinvestments Bought":"0.00","Balance of Reinvestments":"107,559,358.66","Interest of Reinvestments":"1,614,781.87","Defaulted of Reinvestments":"0.00","Loss of Reinvestments":"0.00","Recovery of Reinvestments":"0.00","Scheduled Principal of Reinvestments":"2,213,197.68","Total Principal of Reinvestments":"2,213,197.68","Unscheduled Principal of Reinvestments":"0.00","Short Term Reinvestment Income":"0.00"},{"Month":"106","Date":"2029-02-20","End Balance":"107,559,358.66","Interest":"0.00","Scheduled Principal":"0.00","Unscheduled Principal":"0.00","Principal Payment":"0.00","Defaulted Balance":"0.00","Unrecovered Losses":"0.00","Recovered Principal":"0.00","Performing Balance":"107,559,358.66","Reinvestments Bought":"0.00","Balance of Reinvestments":"107,559,358.66","Interest of Reinvestments":"0.00","Defaulted of Reinvestments":"0.00","Loss of Reinvestments":"0.00","Recovery of Reinvestments":"0.00","Scheduled Principal of Reinvestments":"0.00","Total Principal of Reinvestments":"0.00","Unscheduled Principal of Reinvestments":"0.00","Short Term Reinvestment Income":"0.00"},{"Month":"107","Date":"2029-03-20","End Balance":"107,559,358.66","Interest":"0.00","Scheduled Principal":"0.00","Unscheduled Principal":"0.00","Principal Payment":"0.00","Defaulted Balance":"0.00","Unrecovered Losses":"0.00","Recovered Principal":"0.00","Performing Balance":"107,559,358.66","Reinvestments Bought":"0.00","Balance of Reinvestments":"107,559,358.66","Interest of Reinvestments":"0.00","Defaulted of Reinvestments":"0.00","Loss of Reinvestments":"0.00","Recovery of Reinvestments":"0.00","Scheduled Principal of Reinvestments":"0.00","Total Principal of Reinvestments":"0.00","Unscheduled Principal of Reinvestments":"0.00","Short Term Reinvestment Income":"0.00"},{"Month":"108","Date":"2029-04-20","End Balance":"105,346,160.98","Interest":"1,587,926.63","Scheduled Principal":"2,213,197.68","Unscheduled Principal":"0.00","Principal Payment":"2,213,197.68","Defaulted Balance":"0.00","Unrecovered Losses":"0.00","Recovered Principal":"0.00","Performing Balance":"105,346,160.98","Reinvestments Bought":"0.00","Balance of Reinvestments":"105,346,160.98","Interest of Reinvestments":"1,587,926.63","Defaulted of Reinvestments":"0.00","Loss of Reinvestments":"0.00","Recovery of Reinvestments":"0.00","Scheduled Principal of Reinvestments":"2,213,197.68","Total Principal of Reinvestments":"2,213,197.68","Unscheduled Principal of Reinvestments":"0.00","Short Term Reinvestment Income":"0.00"},{"Month":"109","Date":"2029-05-21","End Balance":"105,346,160.98","Interest":"0.00","Scheduled Principal":"0.00","Unscheduled Principal":"0.00","Principal Payment":"0.00","Defaulted Balance":"0.00","Unrecovered Losses":"0.00","Recovered Principal":"0.00","Performing Balance":"105,346,160.98","Reinvestments Bought":"0.00","Balance of Reinvestments":"105,346,160.98","Interest of Reinvestments":"0.00","Defaulted of Reinvestments":"0.00","Loss of Reinvestments":"0.00","Recovery of Reinvestments":"0.00","Scheduled Principal of Reinvestments":"0.00","Total Principal of Reinvestments":"0.00","Unscheduled Principal of Reinvestments":"0.00","Short Term Reinvestment Income":"0.00"},{"Month":"110","Date":"2029-06-20","End Balance":"105,346,160.98","Interest":"0.00","Scheduled Principal":"0.00","Unscheduled Principal":"0.00","Principal Payment":"0.00","Defaulted Balance":"0.00","Unrecovered Losses":"0.00","Recovered Principal":"0.00","Performing Balance":"105,346,160.98","Reinvestments Bought":"0.00","Balance of Reinvestments":"105,346,160.98","Interest of Reinvestments":"0.00","Defaulted of Reinvestments":"0.00","Loss of Reinvestments":"0.00","Recovery of Reinvestments":"0.00","Scheduled Principal of Reinvestments":"0.00","Total Principal of Reinvestments":"0.00","Unscheduled Principal of Reinvestments":"0.00","Short Term Reinvestment Income":"0.00"},{"Month":"111","Date":"2029-07-20","End Balance":"99,719,765.62","Interest":"1,561,694.21","Scheduled Principal":"5,626,395.36","Unscheduled Principal":"0.00","Principal Payment":"5,626,395.36","Defaulted Balance":"0.00","Unrecovered Losses":"0.00","Recovered Principal":"0.00","Performing Balance":"99,719,765.62","Reinvestments Bought":"0.00","Balance of Reinvestments":"99,719,765.62","Interest of Reinvestments":"1,561,694.21","Defaulted of Reinvestments":"0.00","Loss of Reinvestments":"0.00","Recovery of Reinvestments":"0.00","Scheduled Principal of Reinvestments":"5,626,395.36","Total Principal of Reinvestments":"5,626,395.36","Unscheduled Principal of Reinvestments":"0.00","Short Term Reinvestment Income":"0.00"},{"Month":"112","Date":"2029-08-20","End Balance":"99,719,765.62","Interest":"0.00","Scheduled Principal":"0.00","Unscheduled Principal":"0.00","Principal Payment":"0.00","Defaulted Balance":"0.00","Unrecovered Losses":"0.00","Recovered Principal":"0.00","Performing Balance":"99,719,765.62","Reinvestments Bought":"0.00","Balance of Reinvestments":"99,719,765.62","Interest of Reinvestments":"0.00","Defaulted of Reinvestments":"0.00","Loss of Reinvestments":"0.00","Recovery of Reinvestments":"0.00","Scheduled Principal of Reinvestments":"0.00","Total Principal of Reinvestments":"0.00","Unscheduled Principal of Reinvestments":"0.00","Short Term Reinvestment Income":"0.00"},{"Month":"113","Date":"2029-09-20","End Balance":"99,719,765.62","Interest":"0.00","Scheduled Principal":"0.00","Unscheduled Principal":"0.00","Principal Payment":"0.00","Defaulted Balance":"0.00","Unrecovered Losses":"0.00","Recovered Principal":"0.00","Performing Balance":"99,719,765.62","Reinvestments Bought":"0.00","Balance of Reinvestments":"99,719,765.62","Interest of Reinvestments":"0.00","Defaulted of Reinvestments":"0.00","Loss of Reinvestments":"0.00","Recovery of Reinvestments":"0.00","Scheduled Principal of Reinvestments":"0.00","Total Principal of Reinvestments":"0.00","Unscheduled Principal of Reinvestments":"0.00","Short Term Reinvestment Income":"0.00"},{"Month":"114","Date":"2029-10-22","End Balance":"99,719,765.62","Interest":"1,500,104.49","Scheduled Principal":"0.00","Unscheduled Principal":"0.00","Principal Payment":"0.00","Defaulted Balance":"0.00","Unrecovered Losses":"0.00","Recovered Principal":"0.00","Performing Balance":"99,719,765.62","Reinvestments Bought":"0.00","Balance of Reinvestments":"99,719,765.62","Interest of Reinvestments":"1,500,104.49","Defaulted of Reinvestments":"0.00","Loss of Reinvestments":"0.00","Recovery of Reinvestments":"0.00","Scheduled Principal of Reinvestments":"0.00","Total Principal of Reinvestments":"0.00","Unscheduled Principal of Reinvestments":"0.00","Short Term Reinvestment Income":"0.00"},{"Month":"115","Date":"2029-11-20","End Balance":"99,719,765.62","Interest":"0.00","Scheduled Principal":"0.00","Unscheduled Principal":"0.00","Principal Payment":"0.00","Defaulted Balance":"0.00","Unrecovered Losses":"0.00","Recovered Principal":"0.00","Performing Balance":"99,719,765.62","Reinvestments Bought":"0.00","Balance of Reinvestments":"99,719,765.62","Interest of Reinvestments":"0.00","Defaulted of Reinvestments":"0.00","Loss of Reinvestments":"0.00","Recovery of Reinvestments":"0.00","Scheduled Principal of Reinvestments":"0.00","Total Principal of Reinvestments":"0.00","Unscheduled Principal of Reinvestments":"0.00","Short Term Reinvestment Income":"0.00"},{"Month":"116","Date":"2029-12-20","End Balance":"99,719,765.62","Interest":"0.00","Scheduled Principal":"0.00","Unscheduled Principal":"0.00","Principal Payment":"0.00","Defaulted Balance":"0.00","Unrecovered Losses":"0.00","Recovered Principal":"0.00","Performing Balance":"99,719,765.62","Reinvestments Bought":"0.00","Balance of Reinvestments":"99,719,765.62","Interest of Reinvestments":"0.00","Defaulted of Reinvestments":"0.00","Loss of Reinvestments":"0.00","Recovery of Reinvestments":"0.00","Scheduled Principal of Reinvestments":"0.00","Total Principal of Reinvestments":"0.00","Unscheduled Principal of Reinvestments":"0.00","Short Term Reinvestment Income":"0.00"},{"Month":"117","Date":"2030-01-22","End Balance":"94,514,201.53","Interest":"1,488,217.78","Scheduled Principal":"5,205,564.09","Unscheduled Principal":"0.00","Principal Payment":"5,205,564.09","Defaulted Balance":"0.00","Unrecovered Losses":"0.00","Recovered Principal":"0.00","Performing Balance":"94,514,201.53","Reinvestments Bought":"0.00","Balance of Reinvestments":"94,514,201.53","Interest of Reinvestments":"1,488,217.78","Defaulted of Reinvestments":"0.00","Loss of Reinvestments":"0.00","Recovery of Reinvestments":"0.00","Scheduled Principal of Reinvestments":"5,205,564.09","Total Principal of Reinvestments":"5,205,564.09","Unscheduled Principal of Reinvestments":"0.00","Short Term Reinvestment Income":"0.00"},{"Month":"118","Date":"2030-02-20","End Balance":"94,514,201.53","Interest":"0.00","Scheduled Principal":"0.00","Unscheduled Principal":"0.00","Principal Payment":"0.00","Defaulted Balance":"0.00","Unrecovered Losses":"0.00","Recovered Principal":"0.00","Performing Balance":"94,514,201.53","Reinvestments Bought":"0.00","Balance of Reinvestments":"94,514,201.53","Interest of Reinvestments":"0.00","Defaulted of Reinvestments":"0.00","Loss of Reinvestments":"0.00","Recovery of Reinvestments":"0.00","Scheduled Principal of Reinvestments":"0.00","Total Principal of Reinvestments":"0.00","Unscheduled Principal of Reinvestments":"0.00","Short Term Reinvestment Income":"0.00"},{"Month":"119","Date":"2030-03-20","End Balance":"94,514,201.53","Interest":"0.00","Scheduled Principal":"0.00","Unscheduled Principal":"0.00","Principal Payment":"0.00","Defaulted Balance":"0.00","Unrecovered Losses":"0.00","Recovered Principal":"0.00","Performing Balance":"94,514,201.53","Reinvestments Bought":"0.00","Balance of Reinvestments":"94,514,201.53","Interest of Reinvestments":"0.00","Defaulted of Reinvestments":"0.00","Loss of Reinvestments":"0.00","Recovery of Reinvestments":"0.00","Scheduled Principal of Reinvestments":"0.00","Total Principal of Reinvestments":"0.00","Unscheduled Principal of Reinvestments":"0.00","Short Term Reinvestment Income":"0.00"},{"Month":"120","Date":"2030-04-22","End Balance":"84,300,236.39","Interest":"1,398,065.88","Scheduled Principal":"10,213,965.14","Unscheduled Principal":"0.00","Principal Payment":"10,213,965.14","Defaulted Balance":"0.00","Unrecovered Losses":"0.00","Recovered Principal":"0.00","Performing Balance":"84,300,236.39","Reinvestments Bought":"0.00","Balance of Reinvestments":"84,300,236.39","Interest of Reinvestments":"1,398,065.88","Defaulted of Reinvestments":"0.00","Loss of Reinvestments":"0.00","Recovery of Reinvestments":"0.00","Scheduled Principal of Reinvestments":"10,213,965.14","Total Principal of Reinvestments":"10,213,965.14","Unscheduled Principal of Reinvestments":"0.00","Short Term Reinvestment Income":"0.00"},{"Month":"121","Date":"2030-05-20","End Balance":"84,300,236.39","Interest":"0.00","Scheduled Principal":"0.00","Unscheduled Principal":"0.00","Principal Payment":"0.00","Defaulted Balance":"0.00","Unrecovered Losses":"0.00","Recovered Principal":"0.00","Performing Balance":"84,300,236.39","Reinvestments Bought":"0.00","Balance of Reinvestments":"84,300,236.39","Interest of Reinvestments":"0.00","Defaulted of Reinvestments":"0.00","Loss of Reinvestments":"0.00","Recovery of Reinvestments":"0.00","Scheduled Principal of Reinvestments":"0.00","Total Principal of Reinvestments":"0.00","Unscheduled Principal of Reinvestments":"0.00","Short Term Reinvestment Income":"0.00"},{"Month":"122","Date":"2030-06-20","End Balance":"84,300,236.39","Interest":"0.00","Scheduled Principal":"0.00","Unscheduled Principal":"0.00","Principal Payment":"0.00","Defaulted Balance":"0.00","Unrecovered Losses":"0.00","Recovered Principal":"0.00","Performing Balance":"84,300,236.39","Reinvestments Bought":"0.00","Balance of Reinvestments":"84,300,236.39","Interest of Reinvestments":"0.00","Defaulted of Reinvestments":"0.00","Loss of Reinvestments":"0.00","Recovery of Reinvestments":"0.00","Scheduled Principal of Reinvestments":"0.00","Total Principal of Reinvestments":"0.00","Unscheduled Principal of Reinvestments":"0.00","Short Term Reinvestment Income":"0.00"},{"Month":"123","Date":"2030-07-22","End Balance":"74,709,713.11","Interest":"1,276,635.66","Scheduled Principal":"9,590,523.28","Unscheduled Principal":"0.00","Principal Payment":"9,590,523.28","Defaulted Balance":"0.00","Unrecovered Losses":"0.00","Recovered Principal":"0.00","Performing Balance":"74,709,713.11","Reinvestments Bought":"0.00","Balance of Reinvestments":"74,709,713.11","Interest of Reinvestments":"1,276,635.66","Defaulted of Reinvestments":"0.00","Loss of Reinvestments":"0.00","Recovery of Reinvestments":"0.00","Scheduled Principal of Reinvestments":"9,590,523.28","Total Principal of Reinvestments":"9,590,523.28","Unscheduled Principal of Reinvestments":"0.00","Short Term Reinvestment Income":"0.00"},{"Month":"124","Date":"2030-08-20","End Balance":"74,709,713.11","Interest":"0.00","Scheduled Principal":"0.00","Unscheduled Principal":"0.00","Principal Payment":"0.00","Defaulted Balance":"0.00","Unrecovered Losses":"0.00","Recovered Principal":"0.00","Performing Balance":"74,709,713.11","Reinvestments Bought":"0.00","Balance of Reinvestments":"74,709,713.11","Interest of Reinvestments":"0.00","Defaulted of Reinvestments":"0.00","Loss of Reinvestments":"0.00","Recovery of Reinvestments":"0.00","Scheduled Principal of Reinvestments":"0.00","Total Principal of Reinvestments":"0.00","Unscheduled Principal of Reinvestments":"0.00","Short Term Reinvestment Income":"0.00"},{"Month":"125","Date":"2030-09-20","End Balance":"74,709,713.11","Interest":"0.00","Scheduled Principal":"0.00","Unscheduled Principal":"0.00","Principal Payment":"0.00","Defaulted Balance":"0.00","Unrecovered Losses":"0.00","Recovered Principal":"0.00","Performing Balance":"74,709,713.11","Reinvestments Bought":"0.00","Balance of Reinvestments":"74,709,713.11","Interest of Reinvestments":"0.00","Defaulted of Reinvestments":"0.00","Loss of Reinvestments":"0.00","Recovery of Reinvestments":"0.00","Scheduled Principal of Reinvestments":"0.00","Total Principal of Reinvestments":"0.00","Unscheduled Principal of Reinvestments":"0.00","Short Term Reinvestment Income":"0.00"},{"Month":"126","Date":"2030-10-21","End Balance":"57,178,437.65","Interest":"1,108,228.94","Scheduled Principal":"17,531,275.46","Unscheduled Principal":"0.00","Principal Payment":"17,531,275.46","Defaulted Balance":"0.00","Unrecovered Losses":"0.00","Recovered Principal":"0.00","Performing Balance":"57,178,437.65","Reinvestments Bought":"0.00","Balance of Reinvestments":"57,178,437.65","Interest of Reinvestments":"1,108,228.94","Defaulted of Reinvestments":"0.00","Loss of Reinvestments":"0.00","Recovery of Reinvestments":"0.00","Scheduled Principal of Reinvestments":"17,531,275.46","Total Principal of Reinvestments":"17,531,275.46","Unscheduled Principal of Reinvestments":"0.00","Short Term Reinvestment Income":"0.00"},{"Month":"127","Date":"2030-11-20","End Balance":"57,178,437.65","Interest":"0.00","Scheduled Principal":"0.00","Unscheduled Principal":"0.00","Principal Payment":"0.00","Defaulted Balance":"0.00","Unrecovered Losses":"0.00","Recovered Principal":"0.00","Performing Balance":"57,178,437.65","Reinvestments Bought":"0.00","Balance of Reinvestments":"57,178,437.65","Interest of Reinvestments":"0.00","Defaulted of Reinvestments":"0.00","Loss of Reinvestments":"0.00","Recovery of Reinvestments":"0.00","Scheduled Principal of Reinvestments":"0.00","Total Principal of Reinvestments":"0.00","Unscheduled Principal of Reinvestments":"0.00","Short Term Reinvestment Income":"0.00"},{"Month":"128","Date":"2030-12-20","End Balance":"57,178,437.65","Interest":"0.00","Scheduled Principal":"0.00","Unscheduled Principal":"0.00","Principal Payment":"0.00","Defaulted Balance":"0.00","Unrecovered Losses":"0.00","Recovered Principal":"0.00","Performing Balance":"57,178,437.65","Reinvestments Bought":"0.00","Balance of Reinvestments":"57,178,437.65","Interest of Reinvestments":"0.00","Defaulted of Reinvestments":"0.00","Loss of Reinvestments":"0.00","Recovery of Reinvestments":"0.00","Scheduled Principal of Reinvestments":"0.00","Total Principal of Reinvestments":"0.00","Unscheduled Principal of Reinvestments":"0.00","Short Term Reinvestment Income":"0.00"},{"Month":"129","Date":"2031-01-21","End Balance":"39,161,519.01","Interest":"868,034.44","Scheduled Principal":"18,016,918.64","Unscheduled Principal":"0.00","Principal Payment":"18,016,918.64","Defaulted Balance":"0.00","Unrecovered Losses":"0.00","Recovered Principal":"0.00","Performing Balance":"39,161,519.01","Reinvestments Bought":"0.00","Balance of Reinvestments":"39,161,519.01","Interest of Reinvestments":"868,034.44","Defaulted of Reinvestments":"0.00","Loss of Reinvestments":"0.00","Recovery of Reinvestments":"0.00","Scheduled Principal of Reinvestments":"18,016,918.64","Total Principal of Reinvestments":"18,016,918.64","Unscheduled Principal of Reinvestments":"0.00","Short Term Reinvestment Income":"0.00"},{"Month":"130","Date":"2031-02-20","End Balance":"39,161,519.01","Interest":"0.00","Scheduled Principal":"0.00","Unscheduled Principal":"0.00","Principal Payment":"0.00","Defaulted Balance":"0.00","Unrecovered Losses":"0.00","Recovered Principal":"0.00","Performing Balance":"39,161,519.01","Reinvestments Bought":"0.00","Balance of Reinvestments":"39,161,519.01","Interest of Reinvestments":"0.00","Defaulted of Reinvestments":"0.00","Loss of Reinvestments":"0.00","Recovery of Reinvestments":"0.00","Scheduled Principal of Reinvestments":"0.00","Total Principal of Reinvestments":"0.00","Unscheduled Principal of Reinvestments":"0.00","Short Term Reinvestment Income":"0.00"},{"Month":"131","Date":"2031-03-20","End Balance":"39,161,519.01","Interest":"0.00","Scheduled Principal":"0.00","Unscheduled Principal":"0.00","Principal Payment":"0.00","Defaulted Balance":"0.00","Unrecovered Losses":"0.00","Recovered Principal":"0.00","Performing Balance":"39,161,519.01","Reinvestments Bought":"0.00","Balance of Reinvestments":"39,161,519.01","Interest of Reinvestments":"0.00","Defaulted of Reinvestments":"0.00","Loss of Reinvestments":"0.00","Recovery of Reinvestments":"0.00","Scheduled Principal of Reinvestments":"0.00","Total Principal of Reinvestments":"0.00","Unscheduled Principal of Reinvestments":"0.00","Short Term Reinvestment Income":"0.00"},{"Month":"132","Date":"2031-04-21","End Balance":"0.00","Interest":"582,212.35","Scheduled Principal":"39,161,519.01","Unscheduled Principal":"0.00","Principal Payment":"39,161,519.01","Defaulted Balance":"0.00","Unrecovered Losses":"0.00","Recovered Principal":"0.00","Performing Balance":"0.00","Reinvestments Bought":"0.00","Balance of Reinvestments":"0.00","Interest of Reinvestments":"582,212.35","Defaulted of Reinvestments":"0.00","Loss of Reinvestments":"0.00","Recovery of Reinvestments":"0.00","Scheduled Principal of Reinvestments":"39,161,519.01","Total Principal of Reinvestments":"39,161,519.01","Unscheduled Principal of Reinvestments":"0.00","Short Term Reinvestment Income":"0.00"}]}}