{"10001":{"Yield Table":[{"perfsummary":{"tranche_name":"PIKES_5.A","scenario_id":"10001","class":"A","settles_date":"2019-03-29","yield_id":"price_001"},"result":[{"price":"97.00","dm":"1.78","yield":"3.90"},{"price":"98.00","dm":"1.62","yield":"3.74"},{"price":"99.00","dm":"1.46","yield":"3.58"},{"price":"100","dm":"1.30","yield":"3.42"},{"price":"101.00","dm":"1.15","yield":"3.26"},{"price":"102.00","dm":"0.99","yield":"3.11"},{"price":"103.00","dm":"0.84","yield":"2.95"}]},{"perfsummary":{"tranche_name":"PIKES_5.A","scenario_id":"10001","class":"A","settles_date":"2019-03-29","yield_id":"price_001"},"result":[{"price":"97.00","dm":"1.78","yield":"3.90"},{"price":"98.00","dm":"1.62","yield":"3.74"},{"price":"99.00","dm":"1.46","yield":"3.58"},{"price":"100","dm":"1.30","yield":"3.42"},{"price":"101.00","dm":"1.15","yield":"3.26"},{"price":"102.00","dm":"0.99","yield":"3.11"},{"price":"103.00","dm":"0.84","yield":"2.95"}]},{"perfsummary":{"tranche_name":"PIKES_5.B","scenario_id":"10001","class":"B","settles_date":"2019-03-29","yield_id":"price_001"},"result":[{"price":"97.00","dm":"2.11","yield":"4.30"},{"price":"98.00","dm":"1.97","yield":"4.16"},{"price":"99.00","dm":"1.84","yield":"4.02"},{"price":"100","dm":"1.70","yield":"3.88"},{"price":"101.00","dm":"1.57","yield":"3.75"},{"price":"102.00","dm":"1.44","yield":"3.62"},{"price":"103.00","dm":"1.31","yield":"3.48"}]},{"perfsummary":{"tranche_name":"PIKES_5.B","scenario_id":"10001","class":"B","settles_date":"2019-03-29","yield_id":"price_001"},"result":[{"price":"97.00","dm":"2.11","yield":"4.30"},{"price":"98.00","dm":"1.97","yield":"4.16"},{"price":"99.00","dm":"1.84","yield":"4.02"},{"price":"100","dm":"1.70","yield":"3.88"},{"price":"101.00","dm":"1.57","yield":"3.75"},{"price":"102.00","dm":"1.44","yield":"3.62"},{"price":"103.00","dm":"1.31","yield":"3.48"}]},{"perfsummary":{"tranche_name":"PIKES_5.C","scenario_id":"10001","class":"C","settles_date":"2019-03-29","yield_id":"price_001"},"result":[{"price":"97.00","dm":"2.59","yield":"4.86"},{"price":"98.00","dm":"2.48","yield":"4.74"},{"price":"99.00","dm":"2.36","yield":"4.63"},{"price":"100","dm":"2.25","yield":"4.51"},{"price":"101.00","dm":"2.14","yield":"4.40"},{"price":"102.00","dm":"2.03","yield":"4.29"},{"price":"103.00","dm":"1.92","yield":"4.18"}]},{"perfsummary":{"tranche_name":"PIKES_5.C","scenario_id":"10001","class":"C","settles_date":"2019-03-29","yield_id":"price_001"},"result":[{"price":"97.00","dm":"2.59","yield":"4.86"},{"price":"98.00","dm":"2.48","yield":"4.74"},{"price":"99.00","dm":"2.36","yield":"4.63"},{"price":"100","dm":"2.25","yield":"4.51"},{"price":"101.00","dm":"2.14","yield":"4.40"},{"price":"102.00","dm":"2.03","yield":"4.29"},{"price":"103.00","dm":"1.92","yield":"4.18"}]},{"perfsummary":{"tranche_name":"PIKES_5.D","scenario_id":"10001","class":"D","settles_date":"2019-03-29","yield_id":"price_001"},"result":[{"price":"97.00","dm":"3.60","yield":"5.89"},{"price":"98.00","dm":"3.49","yield":"5.77"},{"price":"99.00","dm":"3.37","yield":"5.65"},{"price":"100","dm":"3.25","yield":"5.54"},{"price":"101.00","dm":"3.14","yield":"5.42"},{"price":"102.00","dm":"3.02","yield":"5.31"},{"price":"103.00","dm":"2.91","yield":"5.19"}]},{"perfsummary":{"tranche_name":"PIKES_5.D","scenario_id":"10001","class":"D","settles_date":"2019-03-29","yield_id":"price_001"},"result":[{"price":"97.00","dm":"3.60","yield":"5.89"},{"price":"98.00","dm":"3.49","yield":"5.77"},{"price":"99.00","dm":"3.37","yield":"5.65"},{"price":"100","dm":"3.25","yield":"5.54"},{"price":"101.00","dm":"3.14","yield":"5.42"},{"price":"102.00","dm":"3.02","yield":"5.31"},{"price":"103.00","dm":"2.91","yield":"5.19"}]},{"perfsummary":{"tranche_name":"PIKES_5.E","scenario_id":"10001","class":"E","settles_date":"2019-03-29","yield_id":"price_001"},"result":[{"price":"97.00","dm":"7.14","yield":"9.49"},{"price":"98.00","dm":"7.00","yield":"9.34"},{"price":"99.00","dm":"6.86","yield":"9.20"},{"price":"100","dm":"6.72","yield":"9.06"},{"price":"101.00","dm":"6.59","yield":"8.92"},{"price":"102.00","dm":"6.45","yield":"8.79"},{"price":"103.00","dm":"6.32","yield":"8.65"}]},{"perfsummary":{"tranche_name":"PIKES_5.E","scenario_id":"10001","class":"E","settles_date":"2019-03-29","yield_id":"price_001"},"result":[{"price":"97.00","dm":"7.14","yield":"9.49"},{"price":"98.00","dm":"7.00","yield":"9.34"},{"price":"99.00","dm":"6.86","yield":"9.20"},{"price":"100","dm":"6.72","yield":"9.06"},{"price":"101.00","dm":"6.59","yield":"8.92"},{"price":"102.00","dm":"6.45","yield":"8.79"},{"price":"103.00","dm":"6.32","yield":"8.65"}]},{"perfsummary":{"tranche_name":"PIKES_5.PS","scenario_id":"10001","class":"PS","settles_date":"2019-03-29","yield_id":"price_001"},"result":[{"price":"97.00","dm":"7.93","yield":"8.19"},{"price":"98.00","dm":"7.78","yield":"8.02"},{"price":"99.00","dm":"7.63","yield":"7.86"},{"price":"100","dm":"7.48","yield":"7.70"},{"price":"101.00","dm":"7.33","yield":"7.54"},{"price":"102.00","dm":"7.18","yield":"7.38"},{"price":"103.00","dm":"7.03","yield":"7.23"}]},{"perfsummary":{"tranche_name":"PIKES_5.PS","scenario_id":"10001","class":"PS","settles_date":"2019-03-29","yield_id":"price_001"},"result":[{"price":"97.00","dm":"7.93","yield":"8.19"},{"price":"98.00","dm":"7.78","yield":"8.02"},{"price":"99.00","dm":"7.63","yield":"7.86"},{"price":"100","dm":"7.48","yield":"7.70"},{"price":"101.00","dm":"7.33","yield":"7.54"},{"price":"102.00","dm":"7.18","yield":"7.38"},{"price":"103.00","dm":"7.03","yield":"7.23"}]}],"Tranche Statistics":[{"perfsummary":{"tranche_name":"PIKES_5.A","scenario_id":"10001","class":"A","settles_date":"2019-03-29","irr_id":"IRR_001"},"result":[{"Average Life":"7.18"},{"Duration":"6.60"},{"Modified Duration":"6.49"},{"First Principal Payment":"2025-07"},{"Last Principal Payment":"2027-01"},{"Tranche Loss":"0.00"},{"Tranche Loss %":"0.00"},{"Collateral Loss":"0.00"},{"Collateral Loss %":"0.0000"},{"First Loss in Principal":""},{"First Loss in Interest":""},{"Purchase Date (IRR)":"2020-03-23"},{"Purchase Price (IRR)":"100.00"},{"IRR":"3.48"}]},{"perfsummary":{"tranche_name":"PIKES_5.A","scenario_id":"10001","class":"A","settles_date":"2019-03-29","irr_id":"IRR_001"},"result":[{"Average Life":"7.18"},{"Duration":"6.60"},{"Modified Duration":"6.49"},{"First Principal Payment":"2025-07"},{"Last Principal Payment":"2027-01"},{"Tranche Loss":"0.00"},{"Tranche Loss %":"0.00"},{"Collateral Loss":"0.00"},{"Collateral Loss %":"0.0000"},{"First Loss in Principal":""},{"First Loss in Interest":""},{"Purchase Date (IRR)":"2020-03-23"},{"Purchase Price (IRR)":"100.00"},{"IRR":"3.48"}]},{"perfsummary":{"tranche_name":"PIKES_5.B","scenario_id":"10001","class":"B","settles_date":"2019-03-29","irr_id":"IRR_001"},"result":[{"Average Life":"8.86"},{"Duration":"7.82"},{"Modified Duration":"7.67"},{"First Principal Payment":"2027-01"},{"Last Principal Payment":"2030-01"},{"Tranche Loss":"0.00"},{"Tranche Loss %":"0.00"},{"Collateral Loss":"0.00"},{"Collateral Loss %":"0.0000"},{"First Loss in Principal":""},{"First Loss in Interest":""},{"Purchase Date (IRR)":"2020-03-23"},{"Purchase Price (IRR)":"100.00"},{"IRR":"3.94"}]},{"perfsummary":{"tranche_name":"PIKES_5.B","scenario_id":"10001","class":"B","settles_date":"2019-03-29","irr_id":"IRR_001"},"result":[{"Average Life":"8.86"},{"Duration":"7.82"},{"Modified Duration":"7.67"},{"First Principal Payment":"2027-01"},{"Last Principal Payment":"2030-01"},{"Tranche Loss":"0.00"},{"Tranche Loss %":"0.00"},{"Collateral Loss":"0.00"},{"Collateral Loss %":"0.0000"},{"First Loss in Principal":""},{"First Loss in Interest":""},{"Purchase Date (IRR)":"2020-03-23"},{"Purchase Price (IRR)":"100.00"},{"IRR":"3.94"}]},{"perfsummary":{"tranche_name":"PIKES_5.C","scenario_id":"10001","class":"C","settles_date":"2019-03-29","irr_id":"IRR_001"},"result":[{"Average Life":"11.31"},{"Duration":"9.35"},{"Modified Duration":"9.15"},{"First Principal Payment":"2030-01"},{"Last Principal Payment":"2030-07"},{"Tranche Loss":"0.00"},{"Tranche Loss %":"0.00"},{"Collateral Loss":"0.00"},{"Collateral Loss %":"0.0000"},{"First Loss in Principal":""},{"First Loss in Interest":""},{"Purchase Date (IRR)":"2020-03-23"},{"Purchase Price (IRR)":"100.00"},{"IRR":"4.56"}]},{"perfsummary":{"tranche_name":"PIKES_5.C","scenario_id":"10001","class":"C","settles_date":"2019-03-29","irr_id":"IRR_001"},"result":[{"Average Life":"11.31"},{"Duration":"9.35"},{"Modified Duration":"9.15"},{"First Principal Payment":"2030-01"},{"Last Principal Payment":"2030-07"},{"Tranche Loss":"0.00"},{"Tranche Loss %":"0.00"},{"Collateral Loss":"0.00"},{"Collateral Loss %":"0.0000"},{"First Loss in Principal":""},{"First Loss in Interest":""},{"Purchase Date (IRR)":"2020-03-23"},{"Purchase Price (IRR)":"100.00"},{"IRR":"4.56"}]},{"perfsummary":{"tranche_name":"PIKES_5.D","scenario_id":"10001","class":"D","settles_date":"2019-03-29","irr_id":"IRR_001"},"result":[{"Average Life":"11.78"},{"Duration":"9.25"},{"Modified Duration":"9.00"},{"First Principal Payment":"2030-07"},{"Last Principal Payment":"2031-01"},{"Tranche Loss":"0.00"},{"Tranche Loss %":"0.00"},{"Collateral Loss":"0.00"},{"Collateral Loss %":"0.0000"},{"First Loss in Principal":""},{"First Loss in Interest":""},{"Purchase Date (IRR)":"2020-03-23"},{"Purchase Price (IRR)":"100.00"},{"IRR":"5.58"}]},{"perfsummary":{"tranche_name":"PIKES_5.D","scenario_id":"10001","class":"D","settles_date":"2019-03-29","irr_id":"IRR_001"},"result":[{"Average Life":"11.78"},{"Duration":"9.25"},{"Modified Duration":"9.00"},{"First Principal Payment":"2030-07"},{"Last Principal Payment":"2031-01"},{"Tranche Loss":"0.00"},{"Tranche Loss %":"0.00"},{"Collateral Loss":"0.00"},{"Collateral Loss %":"0.0000"},{"First Loss in Principal":""},{"First Loss in Interest":""},{"Purchase Date (IRR)":"2020-03-23"},{"Purchase Price (IRR)":"100.00"},{"IRR":"5.58"}]},{"perfsummary":{"tranche_name":"PIKES_5.E","scenario_id":"10001","class":"E","settles_date":"2019-03-29","irr_id":"IRR_001"},"result":[{"Average Life":"12.08"},{"Duration":"8.20"},{"Modified Duration":"7.84"},{"First Principal Payment":"2031-01"},{"Last Principal Payment":"2031-04"},{"Tranche Loss":"0.00"},{"Tranche Loss %":"0.00"},{"Collateral Loss":"0.00"},{"Collateral Loss %":"0.0000"},{"First Loss in Principal":""},{"First Loss in Interest":""},{"Purchase Date (IRR)":"2020-03-23"},{"Purchase Price (IRR)":"100.00"},{"IRR":"9.06"}]},{"perfsummary":{"tranche_name":"PIKES_5.E","scenario_id":"10001","class":"E","settles_date":"2019-03-29","irr_id":"IRR_001"},"result":[{"Average Life":"12.08"},{"Duration":"8.20"},{"Modified Duration":"7.84"},{"First Principal Payment":"2031-01"},{"Last Principal Payment":"2031-04"},{"Tranche Loss":"0.00"},{"Tranche Loss %":"0.00"},{"Collateral Loss":"0.00"},{"Collateral Loss %":"0.0000"},{"First Loss in Principal":""},{"First Loss in Interest":""},{"Purchase Date (IRR)":"2020-03-23"},{"Purchase Price (IRR)":"100.00"},{"IRR":"9.06"}]},{"perfsummary":{"tranche_name":"PIKES_5.PS","scenario_id":"10001","class":"PS","settles_date":"2019-03-29","irr_id":"IRR_001"},"result":[{"Average Life":"8.01"},{"Duration":"6.78"},{"Modified Duration":"6.29"},{"First Principal Payment":"N/A"},{"Last Principal Payment":"N/A"},{"Tranche Loss":"41,500,000.00"},{"Tranche Loss %":"100.00"},{"Collateral Loss":"0.00"},{"Collateral Loss %":"0.0000"},{"First Loss in Principal":""},{"First Loss in Interest":""},{"Purchase Date (IRR)":"2020-03-23"},{"Purchase Price (IRR)":"100.00"},{"XIRR":"9.09"}]},{"perfsummary":{"tranche_name":"PIKES_5.PS","scenario_id":"10001","class":"PS","settles_date":"2019-03-29","irr_id":"IRR_001"},"result":[{"Average Life":"8.01"},{"Duration":"6.78"},{"Modified Duration":"6.29"},{"First Principal Payment":"N/A"},{"Last Principal Payment":"N/A"},{"Tranche Loss":"41,500,000.00"},{"Tranche Loss %":"100.00"},{"Collateral Loss":"0.00"},{"Collateral Loss %":"0.0000"},{"First Loss in Principal":""},{"First Loss in Interest":""},{"Purchase Date (IRR)":"2020-03-23"},{"Purchase Price (IRR)":"100.00"},{"XIRR":"9.09"}]}]},"10002":{"Yield Table":[{"perfsummary":{"tranche_name":"PIKES_5.A","scenario_id":"10002","class":"A","settles_date":"2019-03-29","yield_id":"price_001"},"result":[{"price":"97.00","dm":"1.78","yield":"3.90"},{"price":"98.00","dm":"1.62","yield":"3.74"},{"price":"99.00","dm":"1.46","yield":"3.58"},{"price":"100","dm":"1.30","yield":"3.42"},{"price":"101.00","dm":"1.15","yield":"3.26"},{"price":"102.00","dm":"0.99","yield":"3.11"},{"price":"103.00","dm":"0.84","yield":"2.95"}]},{"perfsummary":{"tranche_name":"PIKES_5.A","scenario_id":"10002","class":"A","settles_date":"2019-03-29","yield_id":"price_001"},"result":[{"price":"97.00","dm":"1.78","yield":"3.90"},{"price":"98.00","dm":"1.62","yield":"3.74"},{"price":"99.00","dm":"1.46","yield":"3.58"},{"price":"100","dm":"1.30","yield":"3.42"},{"price":"101.00","dm":"1.15","yield":"3.26"},{"price":"102.00","dm":"0.99","yield":"3.11"},{"price":"103.00","dm":"0.84","yield":"2.95"}]},{"perfsummary":{"tranche_name":"PIKES_5.B","scenario_id":"10002","class":"B","settles_date":"2019-03-29","yield_id":"price_001"},"result":[{"price":"97.00","dm":"2.11","yield":"4.30"},{"price":"98.00","dm":"1.97","yield":"4.16"},{"price":"99.00","dm":"1.84","yield":"4.02"},{"price":"100","dm":"1.70","yield":"3.88"},{"price":"101.00","dm":"1.57","yield":"3.75"},{"price":"102.00","dm":"1.44","yield":"3.62"},{"price":"103.00","dm":"1.31","yield":"3.48"}]},{"perfsummary":{"tranche_name":"PIKES_5.B","scenario_id":"10002","class":"B","settles_date":"2019-03-29","yield_id":"price_001"},"result":[{"price":"97.00","dm":"2.11","yield":"4.30"},{"price":"98.00","dm":"1.97","yield":"4.16"},{"price":"99.00","dm":"1.84","yield":"4.02"},{"price":"100","dm":"1.70","yield":"3.88"},{"price":"101.00","dm":"1.57","yield":"3.75"},{"price":"102.00","dm":"1.44","yield":"3.62"},{"price":"103.00","dm":"1.31","yield":"3.48"}]},{"perfsummary":{"tranche_name":"PIKES_5.C","scenario_id":"10002","class":"C","settles_date":"2019-03-29","yield_id":"price_001"},"result":[{"price":"97.00","dm":"2.59","yield":"4.86"},{"price":"98.00","dm":"2.48","yield":"4.74"},{"price":"99.00","dm":"2.36","yield":"4.63"},{"price":"100","dm":"2.25","yield":"4.51"},{"price":"101.00","dm":"2.14","yield":"4.40"},{"price":"102.00","dm":"2.03","yield":"4.29"},{"price":"103.00","dm":"1.92","yield":"4.18"}]},{"perfsummary":{"tranche_name":"PIKES_5.C","scenario_id":"10002","class":"C","settles_date":"2019-03-29","yield_id":"price_001"},"result":[{"price":"97.00","dm":"2.59","yield":"4.86"},{"price":"98.00","dm":"2.48","yield":"4.74"},{"price":"99.00","dm":"2.36","yield":"4.63"},{"price":"100","dm":"2.25","yield":"4.51"},{"price":"101.00","dm":"2.14","yield":"4.40"},{"price":"102.00","dm":"2.03","yield":"4.29"},{"price":"103.00","dm":"1.92","yield":"4.18"}]},{"perfsummary":{"tranche_name":"PIKES_5.D","scenario_id":"10002","class":"D","settles_date":"2019-03-29","yield_id":"price_001"},"result":[{"price":"97.00","dm":"3.60","yield":"5.89"},{"price":"98.00","dm":"3.49","yield":"5.77"},{"price":"99.00","dm":"3.37","yield":"5.65"},{"price":"100","dm":"3.25","yield":"5.54"},{"price":"101.00","dm":"3.14","yield":"5.42"},{"price":"102.00","dm":"3.02","yield":"5.31"},{"price":"103.00","dm":"2.91","yield":"5.19"}]},{"perfsummary":{"tranche_name":"PIKES_5.D","scenario_id":"10002","class":"D","settles_date":"2019-03-29","yield_id":"price_001"},"result":[{"price":"97.00","dm":"3.60","yield":"5.89"},{"price":"98.00","dm":"3.49","yield":"5.77"},{"price":"99.00","dm":"3.37","yield":"5.65"},{"price":"100","dm":"3.25","yield":"5.54"},{"price":"101.00","dm":"3.14","yield":"5.42"},{"price":"102.00","dm":"3.02","yield":"5.31"},{"price":"103.00","dm":"2.91","yield":"5.19"}]},{"perfsummary":{"tranche_name":"PIKES_5.E","scenario_id":"10002","class":"E","settles_date":"2019-03-29","yield_id":"price_001"},"result":[{"price":"97.00","dm":"7.14","yield":"9.49"},{"price":"98.00","dm":"7.00","yield":"9.34"},{"price":"99.00","dm":"6.86","yield":"9.20"},{"price":"100","dm":"6.72","yield":"9.06"},{"price":"101.00","dm":"6.59","yield":"8.92"},{"price":"102.00","dm":"6.45","yield":"8.79"},{"price":"103.00","dm":"6.32","yield":"8.65"}]},{"perfsummary":{"tranche_name":"PIKES_5.E","scenario_id":"10002","class":"E","settles_date":"2019-03-29","yield_id":"price_001"},"result":[{"price":"97.00","dm":"7.14","yield":"9.49"},{"price":"98.00","dm":"7.00","yield":"9.34"},{"price":"99.00","dm":"6.86","yield":"9.20"},{"price":"100","dm":"6.72","yield":"9.06"},{"price":"101.00","dm":"6.59","yield":"8.92"},{"price":"102.00","dm":"6.45","yield":"8.79"},{"price":"103.00","dm":"6.32","yield":"8.65"}]},{"perfsummary":{"tranche_name":"PIKES_5.PS","scenario_id":"10002","class":"PS","settles_date":"2019-03-29","yield_id":"price_001"},"result":[{"price":"97.00","dm":"7.93","yield":"8.19"},{"price":"98.00","dm":"7.78","yield":"8.02"},{"price":"99.00","dm":"7.63","yield":"7.86"},{"price":"100","dm":"7.48","yield":"7.70"},{"price":"101.00","dm":"7.33","yield":"7.54"},{"price":"102.00","dm":"7.18","yield":"7.38"},{"price":"103.00","dm":"7.03","yield":"7.23"}]},{"perfsummary":{"tranche_name":"PIKES_5.PS","scenario_id":"10002","class":"PS","settles_date":"2019-03-29","yield_id":"price_001"},"result":[{"price":"97.00","dm":"7.93","yield":"8.19"},{"price":"98.00","dm":"7.78","yield":"8.02"},{"price":"99.00","dm":"7.63","yield":"7.86"},{"price":"100","dm":"7.48","yield":"7.70"},{"price":"101.00","dm":"7.33","yield":"7.54"},{"price":"102.00","dm":"7.18","yield":"7.38"},{"price":"103.00","dm":"7.03","yield":"7.23"}]}],"Tranche Statistics":[{"perfsummary":{"tranche_name":"PIKES_5.A","scenario_id":"10002","class":"A","settles_date":"2019-03-29","irr_id":"IRR_001"},"result":[{"Average Life":"7.18"},{"Duration":"6.60"},{"Modified Duration":"6.49"},{"First Principal Payment":"2025-07"},{"Last Principal Payment":"2027-01"},{"Tranche Loss":"0.00"},{"Tranche Loss %":"0.00"},{"Collateral Loss":"0.00"},{"Collateral Loss %":"0.0000"},{"First Loss in Principal":""},{"First Loss in Interest":""},{"Purchase Date (IRR)":"2020-03-23"},{"Purchase Price (IRR)":"100.00"},{"IRR":"3.48"}]},{"perfsummary":{"tranche_name":"PIKES_5.A","scenario_id":"10002","class":"A","settles_date":"2019-03-29","irr_id":"IRR_001"},"result":[{"Average Life":"7.18"},{"Duration":"6.60"},{"Modified Duration":"6.49"},{"First Principal Payment":"2025-07"},{"Last Principal Payment":"2027-01"},{"Tranche Loss":"0.00"},{"Tranche Loss %":"0.00"},{"Collateral Loss":"0.00"},{"Collateral Loss %":"0.0000"},{"First Loss in Principal":""},{"First Loss in Interest":""},{"Purchase Date (IRR)":"2020-03-23"},{"Purchase Price (IRR)":"100.00"},{"IRR":"3.48"}]},{"perfsummary":{"tranche_name":"PIKES_5.B","scenario_id":"10002","class":"B","settles_date":"2019-03-29","irr_id":"IRR_001"},"result":[{"Average Life":"8.86"},{"Duration":"7.82"},{"Modified Duration":"7.67"},{"First Principal Payment":"2027-01"},{"Last Principal Payment":"2030-01"},{"Tranche Loss":"0.00"},{"Tranche Loss %":"0.00"},{"Collateral Loss":"0.00"},{"Collateral Loss %":"0.0000"},{"First Loss in Principal":""},{"First Loss in Interest":""},{"Purchase Date (IRR)":"2020-03-23"},{"Purchase Price (IRR)":"100.00"},{"IRR":"3.94"}]},{"perfsummary":{"tranche_name":"PIKES_5.B","scenario_id":"10002","class":"B","settles_date":"2019-03-29","irr_id":"IRR_001"},"result":[{"Average Life":"8.86"},{"Duration":"7.82"},{"Modified Duration":"7.67"},{"First Principal Payment":"2027-01"},{"Last Principal Payment":"2030-01"},{"Tranche Loss":"0.00"},{"Tranche Loss %":"0.00"},{"Collateral Loss":"0.00"},{"Collateral Loss %":"0.0000"},{"First Loss in Principal":""},{"First Loss in Interest":""},{"Purchase Date (IRR)":"2020-03-23"},{"Purchase Price (IRR)":"100.00"},{"IRR":"3.94"}]},{"perfsummary":{"tranche_name":"PIKES_5.C","scenario_id":"10002","class":"C","settles_date":"2019-03-29","irr_id":"IRR_001"},"result":[{"Average Life":"11.31"},{"Duration":"9.35"},{"Modified Duration":"9.15"},{"First Principal Payment":"2030-01"},{"Last Principal Payment":"2030-07"},{"Tranche Loss":"0.00"},{"Tranche Loss %":"0.00"},{"Collateral Loss":"0.00"},{"Collateral Loss %":"0.0000"},{"First Loss in Principal":""},{"First Loss in Interest":""},{"Purchase Date (IRR)":"2020-03-23"},{"Purchase Price (IRR)":"100.00"},{"IRR":"4.56"}]},{"perfsummary":{"tranche_name":"PIKES_5.C","scenario_id":"10002","class":"C","settles_date":"2019-03-29","irr_id":"IRR_001"},"result":[{"Average Life":"11.31"},{"Duration":"9.35"},{"Modified Duration":"9.15"},{"First Principal Payment":"2030-01"},{"Last Principal Payment":"2030-07"},{"Tranche Loss":"0.00"},{"Tranche Loss %":"0.00"},{"Collateral Loss":"0.00"},{"Collateral Loss %":"0.0000"},{"First Loss in Principal":""},{"First Loss in Interest":""},{"Purchase Date (IRR)":"2020-03-23"},{"Purchase Price (IRR)":"100.00"},{"IRR":"4.56"}]},{"perfsummary":{"tranche_name":"PIKES_5.D","scenario_id":"10002","class":"D","settles_date":"2019-03-29","irr_id":"IRR_001"},"result":[{"Average Life":"11.78"},{"Duration":"9.25"},{"Modified Duration":"9.00"},{"First Principal Payment":"2030-07"},{"Last Principal Payment":"2031-01"},{"Tranche Loss":"0.00"},{"Tranche Loss %":"0.00"},{"Collateral Loss":"0.00"},{"Collateral Loss %":"0.0000"},{"First Loss in Principal":""},{"First Loss in Interest":""},{"Purchase Date (IRR)":"2020-03-23"},{"Purchase Price (IRR)":"100.00"},{"IRR":"5.58"}]},{"perfsummary":{"tranche_name":"PIKES_5.D","scenario_id":"10002","class":"D","settles_date":"2019-03-29","irr_id":"IRR_001"},"result":[{"Average Life":"11.78"},{"Duration":"9.25"},{"Modified Duration":"9.00"},{"First Principal Payment":"2030-07"},{"Last Principal Payment":"2031-01"},{"Tranche Loss":"0.00"},{"Tranche Loss %":"0.00"},{"Collateral Loss":"0.00"},{"Collateral Loss %":"0.0000"},{"First Loss in Principal":""},{"First Loss in Interest":""},{"Purchase Date (IRR)":"2020-03-23"},{"Purchase Price (IRR)":"100.00"},{"IRR":"5.58"}]},{"perfsummary":{"tranche_name":"PIKES_5.E","scenario_id":"10002","class":"E","settles_date":"2019-03-29","irr_id":"IRR_001"},"result":[{"Average Life":"12.08"},{"Duration":"8.20"},{"Modified Duration":"7.84"},{"First Principal Payment":"2031-01"},{"Last Principal Payment":"2031-04"},{"Tranche Loss":"0.00"},{"Tranche Loss %":"0.00"},{"Collateral Loss":"0.00"},{"Collateral Loss %":"0.0000"},{"First Loss in Principal":""},{"First Loss in Interest":""},{"Purchase Date (IRR)":"2020-03-23"},{"Purchase Price (IRR)":"100.00"},{"IRR":"9.06"}]},{"perfsummary":{"tranche_name":"PIKES_5.E","scenario_id":"10002","class":"E","settles_date":"2019-03-29","irr_id":"IRR_001"},"result":[{"Average Life":"12.08"},{"Duration":"8.20"},{"Modified Duration":"7.84"},{"First Principal Payment":"2031-01"},{"Last Principal Payment":"2031-04"},{"Tranche Loss":"0.00"},{"Tranche Loss %":"0.00"},{"Collateral Loss":"0.00"},{"Collateral Loss %":"0.0000"},{"First Loss in Principal":""},{"First Loss in Interest":""},{"Purchase Date (IRR)":"2020-03-23"},{"Purchase Price (IRR)":"100.00"},{"IRR":"9.06"}]},{"perfsummary":{"tranche_name":"PIKES_5.PS","scenario_id":"10002","class":"PS","settles_date":"2019-03-29","irr_id":"IRR_001"},"result":[{"Average Life":"8.01"},{"Duration":"6.78"},{"Modified Duration":"6.29"},{"First Principal Payment":"N/A"},{"Last Principal Payment":"N/A"},{"Tranche Loss":"41,500,000.00"},{"Tranche Loss %":"100.00"},{"Collateral Loss":"0.00"},{"Collateral Loss %":"0.0000"},{"First Loss in Principal":""},{"First Loss in Interest":""},{"Purchase Date (IRR)":"2020-03-23"},{"Purchase Price (IRR)":"100.00"},{"XIRR":"9.06"}]},{"perfsummary":{"tranche_name":"PIKES_5.PS","scenario_id":"10002","class":"PS","settles_date":"2019-03-29","irr_id":"IRR_001"},"result":[{"Average Life":"8.01"},{"Duration":"6.78"},{"Modified Duration":"6.29"},{"First Principal Payment":"N/A"},{"Last Principal Payment":"N/A"},{"Tranche Loss":"41,500,000.00"},{"Tranche Loss %":"100.00"},{"Collateral Loss":"0.00"},{"Collateral Loss %":"0.0000"},{"First Loss in Principal":""},{"First Loss in Interest":""},{"Purchase Date (IRR)":"2020-03-23"},{"Purchase Price (IRR)":"100.00"},{"XIRR":"9.09"}]}]}}